code,department_code,department_name,province_code,province_name,district_name
010101,01,AMAZONAS,0101,CHACHAPOYAS,CHACHAPOYAS
010102,01,AMAZONAS,0101,CHACHAPOYAS,ASUNCION
010103,01,AMAZONAS,0101,CHACHAPOYAS,BALSAS
010104,01,AMAZONAS,0101,CHACHAPOYAS,CHETO
010105,01,AMAZONAS,0101,CHACHAPOYAS,CHILIQUIN
010106,01,AMAZONAS,0101,CHACHAPOYAS,CHUQUIBAMBA
010107,01,AMAZONAS,0101,CHACHAPOYAS,GRANADA
010108,01,AMAZONAS,0101,CHACHAPOYAS,HUANCAS
010109,01,AMAZONAS,0101,CHACHAPOYAS,LA JALCA
010110,01,AMAZONAS,0101,CHACHAPOYAS,LEIMEBAMBA
010111,01,AMAZONAS,0101,CHACHAPOYAS,LEVANTO
010112,01,AMAZONAS,0101,CHACHAPOYAS,MAGDALENA
010113,01,AMAZONAS,0101,CHACHAPOYAS,MARISCAL CASTILLA
010114,01,AMAZONAS,0101,CHACHAPOYAS,MOLINOPAMPA
010115,01,AMAZONAS,0101,CHACHAPOYAS,MONTEVIDEO
010116,01,AMAZONAS,0101,CHACHAPOYAS,OLLEROS
010117,01,AMAZONAS,0101,CHACHAPOYAS,QUINJALCA
010118,01,AMAZONAS,0101,CHACHAPOYAS,SAN FRANCISCO DE DAGUAS
010119,01,AMAZONAS,0101,CHACHAPOYAS,SAN ISIDRO DE MAINO
010120,01,AMAZONAS,0101,CHACHAPOYAS,SOLOCO
010121,01,AMAZONAS,0101,CHACHAPOYAS,SONCHE
010201,01,AMAZONAS,0102,BAGUA,BAGUA
010202,01,AMAZONAS,0102,BAGUA,ARAMANGO
010203,01,AMAZONAS,0102,BAGUA,COPALLIN
010204,01,AMAZONAS,0102,BAGUA,EL PARCO
010205,01,AMAZONAS,0102,BAGUA,IMAZA
010206,01,AMAZONAS,0102,BAGUA,LA PECA
010301,01,AMAZONAS,0103,BONGARA,JUMBILLA
010302,01,AMAZONAS,0103,BONGARA,CHISQUILLA
010303,01,AMAZONAS,0103,BONGARA,CHURUJA
010304,01,AMAZONAS,0103,BONGARA,COROSHA
010305,01,AMAZONAS,0103,BONGARA,CUISPES
010306,01,AMAZONAS,0103,BONGARA,FLORIDA
010307,01,AMAZONAS,0103,BONGARA,JAZAN
010308,01,AMAZONAS,0103,BONGARA,RECTA
010309,01,AMAZONAS,0103,BONGARA,SAN CARLOS
010310,01,AMAZONAS,0103,BONGARA,SHIPASBAMBA
010311,01,AMAZONAS,0103,BONGARA,VALERA
010312,01,AMAZONAS,0103,BONGARA,YAMBRASBAMBA
010401,01,AMAZONAS,0104,CONDORCANQUI,NIEVA
010402,01,AMAZONAS,0104,CONDORCANQUI,EL CENEPA
010403,01,AMAZONAS,0104,CONDORCANQUI,RIO SANTIAGO
010501,01,AMAZONAS,0105,LUYA,LAMUD
010502,01,AMAZONAS,0105,LUYA,CAMPORREDONDO
010503,01,AMAZONAS,0105,LUYA,COCABAMBA
010504,01,AMAZONAS,0105,LUYA,COLCAMAR
010505,01,AMAZONAS,0105,LUYA,CONILA
010506,01,AMAZONAS,0105,LUYA,INGUILPATA
010507,01,AMAZONAS,0105,LUYA,LONGUITA
010508,01,AMAZONAS,0105,LUYA,LONYA CHICO
010509,01,AMAZONAS,0105,LUYA,LUYA
010510,01,AMAZONAS,0105,LUYA,LUYA VIEJO
010511,01,AMAZONAS,0105,LUYA,MARIA
010512,01,AMAZONAS,0105,LUYA,OCALLI
010513,01,AMAZONAS,0105,LUYA,OCUMAL
010514,01,AMAZONAS,0105,LUYA,PISUQUIA
010515,01,AMAZONAS,0105,LUYA,PROVIDENCIA
010516,01,AMAZONAS,0105,LUYA,SAN CRISTOBAL
010517,01,AMAZONAS,0105,LUYA,SAN FRANCISCO DEL YESO
010518,01,AMAZONAS,0105,LUYA,SAN JERONIMO
010519,01,AMAZONAS,0105,LUYA,SAN JUAN DE LOPECANCHA
010520,01,AMAZONAS,0105,LUYA,SANTA CATALINA
010521,01,AMAZONAS,0105,LUYA,SANTO TOMAS
010522,01,AMAZONAS,0105,LUYA,TINGO
010523,01,AMAZONAS,0105,LUYA,TRITA
010601,01,AMAZONAS,0106,RODRIGUEZ DE MENDOZA,SAN NICOLAS
010602,01,AMAZONAS,0106,RODRIGUEZ DE MENDOZA,CHIRIMOTO
010603,01,AMAZONAS,0106,RODRIGUEZ DE MENDOZA,COCHAMAL
010604,01,AMAZONAS,0106,RODRIGUEZ DE MENDOZA,HUAMBO
010605,01,AMAZONAS,0106,RODRIGUEZ DE MENDOZA,LIMABAMBA
010606,01,AMAZONAS,0106,RODRIGUEZ DE MENDOZA,LONGAR
010607,01,AMAZONAS,0106,RODRIGUEZ DE MENDOZA,MARISCAL BENAVIDES
010608,01,AMAZONAS,0106,RODRIGUEZ DE MENDOZA,MILPUC
010609,01,AMAZONAS,0106,RODRIGUEZ DE MENDOZA,OMIA
010610,01,AMAZONAS,0106,RODRIGUEZ DE MENDOZA,SANTA ROSA
010611,01,AMAZONAS,0106,RODRIGUEZ DE MENDOZA,TOTORA
010612,01,AMAZONAS,0106,RODRIGUEZ DE MENDOZA,VISTA ALEGRE
010701,01,AMAZONAS,0107,UTCUBAMBA,BAGUA GRANDE
010702,01,AMAZONAS,0107,UTCUBAMBA,CAJARURO
010703,01,AMAZONAS,0107,UTCUBAMBA,CUMBA
010704,01,AMAZONAS,0107,UTCUBAMBA,EL MILAGRO
010705,01,AMAZONAS,0107,UTCUBAMBA,JAMALCA
010706,01,AMAZONAS,0107,UTCUBAMBA,LONYA GRANDE
010707,01,AMAZONAS,0107,UTCUBAMBA,YAMON
020101,02,ANCASH,0201,HUARAZ,HUARAZ
020102,02,ANCASH,0201,HUARAZ,COCHABAMBA
020103,02,ANCASH,0201,HUARAZ,COLCABAMBA
020104,02,ANCASH,0201,HUARAZ,HUANCHAY
020105,02,ANCASH,0201,HUARAZ,INDEPENDENCIA
020106,02,ANCASH,0201,HUARAZ,JANGAS
020107,02,ANCASH,0201,HUARAZ,LA LIBERTAD
020108,02,ANCASH,0201,HUARAZ,OLLEROS
020109,02,ANCASH,0201,HUARAZ,PAMPAS GRANDE
020110,02,ANCASH,0201,HUARAZ,PARIACOTO
020111,02,ANCASH,0201,HUARAZ,PIRA
020112,02,ANCASH,0201,HUARAZ,TARICA
020201,02,ANCASH,0202,AIJA,AIJA
020202,02,ANCASH,0202,AIJA,CORIS
020203,02,ANCASH,0202,AIJA,HUACLLAN
020204,02,ANCASH,0202,AIJA,LA MERCED
020205,02,ANCASH,0202,AIJA,SUCCHA
020301,02,ANCASH,0203,ANTONIO RAYMONDI,LLAMELLIN
020302,02,ANCASH,0203,ANTONIO RAYMONDI,ACZO
020303,02,ANCASH,0203,ANTONIO RAYMONDI,CHACCHO
020304,02,ANCASH,0203,ANTONIO RAYMONDI,CHINGAS
020305,02,ANCASH,0203,ANTONIO RAYMONDI,MIRGAS
020306,02,ANCASH,0203,ANTONIO RAYMONDI,SAN JUAN DE RONTOY
020401,02,ANCASH,0204,ASUNCION,CHACAS
020402,02,ANCASH,0204,ASUNCION,ACOCHACA
020501,02,ANCASH,0205,BOLOGNESI,CHIQUIAN
020502,02,ANCASH,0205,BOLOGNESI,ABELARDO PARDO LEZAMETA
020503,02,ANCASH,0205,BOLOGNESI,ANTONIO RAYMONDI
020504,02,ANCASH,0205,BOLOGNESI,AQUIA
020505,02,ANCASH,0205,BOLOGNESI,CAJACAY
020506,02,ANCASH,0205,BOLOGNESI,CANIS
020507,02,ANCASH,0205,BOLOGNESI,COLQUIOC
020508,02,ANCASH,0205,BOLOGNESI,HUALLANCA
020509,02,ANCASH,0205,BOLOGNESI,HUASTA
020510,02,ANCASH,0205,BOLOGNESI,HUAYLLACAYAN
020511,02,ANCASH,0205,BOLOGNESI,LA PRIMAVERA
020512,02,ANCASH,0205,BOLOGNESI,MANGAS
020513,02,ANCASH,0205,BOLOGNESI,PACLLON
020514,02,ANCASH,0205,BOLOGNESI,SAN MIGUEL DE CORPANQUI
020515,02,ANCASH,0205,BOLOGNESI,TICLLOS
020601,02,ANCASH,0206,CARHUAZ,CARHUAZ
020602,02,ANCASH,0206,CARHUAZ,ACOPAMPA
020603,02,ANCASH,0206,CARHUAZ,AMASHCA
020604,02,ANCASH,0206,CARHUAZ,ANTA
020605,02,ANCASH,0206,CARHUAZ,ATAQUERO
020606,02,ANCASH,0206,CARHUAZ,MARCARA
020607,02,ANCASH,0206,CARHUAZ,PARIAHUANCA
020608,02,ANCASH,0206,CARHUAZ,SAN MIGUEL DE ACO
020609,02,ANCASH,0206,CARHUAZ,SHILLA
020610,02,ANCASH,0206,CARHUAZ,TINCO
020611,02,ANCASH,0206,CARHUAZ,YUNGAR
020701,02,ANCASH,0207,CARLOS FERMIN FITZCARRALD,SAN LUIS
020702,02,ANCASH,0207,CARLOS FERMIN FITZCARRALD,SAN NICOLAS
020703,02,ANCASH,0207,CARLOS FERMIN FITZCARRALD,YAUYA
020801,02,ANCASH,0208,CASMA,CASMA
020802,02,ANCASH,0208,CASMA,BUENA VISTA ALTA
020803,02,ANCASH,0208,CASMA,COMANDANTE NOEL
020804,02,ANCASH,0208,CASMA,YAUTAN
020901,02,ANCASH,0209,CORONGO,CORONGO
020902,02,ANCASH,0209,CORONGO,ACO
020903,02,ANCASH,0209,CORONGO,BAMBAS
020904,02,ANCASH,0209,CORONGO,CUSCA
020905,02,ANCASH,0209,CORONGO,LA PAMPA
020906,02,ANCASH,0209,CORONGO,YANAC
020907,02,ANCASH,0209,CORONGO,YUPAN
021001,02,ANCASH,0210,HUARI,HUARI
021002,02,ANCASH,0210,HUARI,ANRA
021003,02,ANCASH,0210,HUARI,CAJAY
021004,02,ANCASH,0210,HUARI,CHAVIN DE HUANTAR
021005,02,ANCASH,0210,HUARI,HUACACHI
021006,02,ANCASH,0210,HUARI,HUACCHIS
021007,02,ANCASH,0210,HUARI,HUACHIS
021008,02,ANCASH,0210,HUARI,HUANTAR
021009,02,ANCASH,0210,HUARI,MASIN
021010,02,ANCASH,0210,HUARI,PAUCAS
021011,02,ANCASH,0210,HUARI,PONTO
021012,02,ANCASH,0210,HUARI,RAHUAPAMPA
021013,02,ANCASH,0210,HUARI,RAPAYAN
021014,02,ANCASH,0210,HUARI,SAN MARCOS
021015,02,ANCASH,0210,HUARI,SAN PEDRO DE CHANA
021016,02,ANCASH,0210,HUARI,UCO
021101,02,ANCASH,0211,HUARMEY,HUARMEY
021102,02,ANCASH,0211,HUARMEY,COCHAPETI
021103,02,ANCASH,0211,HUARMEY,CULEBRAS
021104,02,ANCASH,0211,HUARMEY,HUAYAN
021105,02,ANCASH,0211,HUARMEY,MALVAS
021201,02,ANCASH,0212,HUAYLAS,CARAZ
021202,02,ANCASH,0212,HUAYLAS,HUALLANCA
021203,02,ANCASH,0212,HUAYLAS,HUATA
021204,02,ANCASH,0212,HUAYLAS,HUAYLAS
021205,02,ANCASH,0212,HUAYLAS,MATO
021206,02,ANCASH,0212,HUAYLAS,PAMPAROMAS
021207,02,ANCASH,0212,HUAYLAS,PUEBLO LIBRE
021208,02,ANCASH,0212,HUAYLAS,SANTA CRUZ
021209,02,ANCASH,0212,HUAYLAS,SANTO TORIBIO
021210,02,ANCASH,0212,HUAYLAS,YURACMARCA
021301,02,ANCASH,0213,MARISCAL LUZURIAGA,PISCOBAMBA
021302,02,ANCASH,0213,MARISCAL LUZURIAGA,CASCA
021303,02,ANCASH,0213,MARISCAL LUZURIAGA,ELEAZAR GUZMAN BARRON
021304,02,ANCASH,0213,MARISCAL LUZURIAGA,FIDEL OLIVAS ESCUDERO
021305,02,ANCASH,0213,MARISCAL LUZURIAGA,LLAMA
021306,02,ANCASH,0213,MARISCAL LUZURIAGA,LLUMPA
021307,02,ANCASH,0213,MARISCAL LUZURIAGA,LUCMA
021308,02,ANCASH,0213,MARISCAL LUZURIAGA,MUSGA
021401,02,ANCASH,0214,OCROS,OCROS
021402,02,ANCASH,0214,OCROS,ACAS
021403,02,ANCASH,0214,OCROS,CAJAMARQUILLA
021404,02,ANCASH,0214,OCROS,CARHUAPAMPA
021405,02,ANCASH,0214,OCROS,COCHAS
021406,02,ANCASH,0214,OCROS,CONGAS
021407,02,ANCASH,0214,OCROS,LLIPA
021408,02,ANCASH,0214,OCROS,SAN CRISTOBAL DE RAJAN
021409,02,ANCASH,0214,OCROS,SAN PEDRO
021410,02,ANCASH,0214,OCROS,SANTIAGO DE CHILCAS
021501,02,ANCASH,0215,PALLASCA,CABANA
021502,02,ANCASH,0215,PALLASCA,BOLOGNESI
021503,02,ANCASH,0215,PALLASCA,CONCHUCOS
021504,02,ANCASH,0215,PALLASCA,HUACASCHUQUE
021505,02,ANCASH,0215,PALLASCA,HUANDOVAL
021506,02,ANCASH,0215,PALLASCA,LACABAMBA
021507,02,ANCASH,0215,PALLASCA,LLAPO
021508,02,ANCASH,0215,PALLASCA,PALLASCA
021509,02,ANCASH,0215,PALLASCA,PAMPAS
021510,02,ANCASH,0215,PALLASCA,SANTA ROSA
021511,02,ANCASH,0215,PALLASCA,TAUCA
021601,02,ANCASH,0216,POMABAMBA,POMABAMBA
021602,02,ANCASH,0216,POMABAMBA,HUAYLLAN
021603,02,ANCASH,0216,POMABAMBA,PAROBAMBA
021604,02,ANCASH,0216,POMABAMBA,QUINUABAMBA
021701,02,ANCASH,0217,RECUAY,RECUAY
021702,02,ANCASH,0217,RECUAY,CATAC
021703,02,ANCASH,0217,RECUAY,COTAPARACO
021704,02,ANCASH,0217,RECUAY,HUAYLLAPAMPA
021705,02,ANCASH,0217,RECUAY,LLACLLIN
021706,02,ANCASH,0217,RECUAY,MARCA
021707,02,ANCASH,0217,RECUAY,PAMPAS CHICO
021708,02,ANCASH,0217,RECUAY,PARARIN
021709,02,ANCASH,0217,RECUAY,TAPACOCHA
021710,02,ANCASH,0217,RECUAY,TICAPAMPA
021801,02,ANCASH,0218,SANTA,CHIMBOTE
021802,02,ANCASH,0218,SANTA,CACERES DEL PERU
021803,02,ANCASH,0218,SANTA,COISHCO
021804,02,ANCASH,0218,SANTA,MACATE
021805,02,ANCASH,0218,SANTA,MORO
021806,02,ANCASH,0218,SANTA,NEPEÑA
021807,02,ANCASH,0218,SANTA,SAMANCO
021808,02,ANCASH,0218,SANTA,SANTA
021809,02,ANCASH,0218,SANTA,NUEVO CHIMBOTE
021901,02,ANCASH,0219,SIHUAS,SIHUAS
021902,02,ANCASH,0219,SIHUAS,ACOBAMBA
021903,02,ANCASH,0219,SIHUAS,ALFONSO UGARTE
021904,02,ANCASH,0219,SIHUAS,CASHAPAMPA
021905,02,ANCASH,0219,SIHUAS,CHINGALPO
021906,02,ANCASH,0219,SIHUAS,HUAYLLABAMBA
021907,02,ANCASH,0219,SIHUAS,QUICHES
021908,02,ANCASH,0219,SIHUAS,RAGASH
021909,02,ANCASH,0219,SIHUAS,SAN JUAN
021910,02,ANCASH,0219,SIHUAS,SICSIBAMBA
022001,02,ANCASH,0220,YUNGAY,YUNGAY
022002,02,ANCASH,0220,YUNGAY,CASCAPARA
022003,02,ANCASH,0220,YUNGAY,MANCOS
022004,02,ANCASH,0220,YUNGAY,MATACOTO
022005,02,ANCASH,0220,YUNGAY,QUILLO
022006,02,ANCASH,0220,YUNGAY,RANRAHIRCA
022007,02,ANCASH,0220,YUNGAY,SHUPLUY
022008,02,ANCASH,0220,YUNGAY,YANAMA
030101,03,APURIMAC,0301,ABANCAY,ABANCAY
030102,03,APURIMAC,0301,ABANCAY,CHACOCHE
030103,03,APURIMAC,0301,ABANCAY,CIRCA
030104,03,APURIMAC,0301,ABANCAY,CURAHUASI
030105,03,APURIMAC,0301,ABANCAY,HUANIPACA
030106,03,APURIMAC,0301,ABANCAY,LAMBRAMA
030107,03,APURIMAC,0301,ABANCAY,PICHIRHUA
030108,03,APURIMAC,0301,ABANCAY,SAN PEDRO DE CACHORA
030109,03,APURIMAC,0301,ABANCAY,TAMBURCO
030201,03,APURIMAC,0302,ANDAHUAYLAS,ANDAHUAYLAS
030202,03,APURIMAC,0302,ANDAHUAYLAS,ANDARAPA
030203,03,APURIMAC,0302,ANDAHUAYLAS,CHIARA
030204,03,APURIMAC,0302,ANDAHUAYLAS,HUANCARAMA
030205,03,APURIMAC,0302,ANDAHUAYLAS,HUANCARAY
030206,03,APURIMAC,0302,ANDAHUAYLAS,HUAYANA
030207,03,APURIMAC,0302,ANDAHUAYLAS,KISHUARA
030208,03,APURIMAC,0302,ANDAHUAYLAS,PACOBAMBA
030209,03,APURIMAC,0302,ANDAHUAYLAS,PACUCHA
030210,03,APURIMAC,0302,ANDAHUAYLAS,PAMPACHIRI
030211,03,APURIMAC,0302,ANDAHUAYLAS,POMACOCHA
030212,03,APURIMAC,0302,ANDAHUAYLAS,SAN ANTONIO DE CACHI
030213,03,APURIMAC,0302,ANDAHUAYLAS,SAN JERONIMO
030214,03,APURIMAC,0302,ANDAHUAYLAS,SAN MIGUEL DE CHACCRAMPA
030215,03,APURIMAC,0302,ANDAHUAYLAS,SANTA MARIA DE CHICMO
030216,03,APURIMAC,0302,ANDAHUAYLAS,TALAVERA
030217,03,APURIMAC,0302,ANDAHUAYLAS,TUMAY HUARACA
030218,03,APURIMAC,0302,ANDAHUAYLAS,TURPO
030219,03,APURIMAC,0302,ANDAHUAYLAS,KAQUIABAMBA
030220,03,APURIMAC,0302,ANDAHUAYLAS,JOSE MARIA ARGUEDAS
030301,03,APURIMAC,0303,ANTABAMBA,ANTABAMBA
030302,03,APURIMAC,0303,ANTABAMBA,EL ORO
030303,03,APURIMAC,0303,ANTABAMBA,HUAQUIRCA
030304,03,APURIMAC,0303,ANTABAMBA,JUAN ESPINOZA MEDRANO
030305,03,APURIMAC,0303,ANTABAMBA,OROPESA
030306,03,APURIMAC,0303,ANTABAMBA,PACHACONAS
030307,03,APURIMAC,0303,ANTABAMBA,SABAINO
030401,03,APURIMAC,0304,AYMARAES,CHALHUANCA
030402,03,APURIMAC,0304,AYMARAES,CAPAYA
030403,03,APURIMAC,0304,AYMARAES,CARAYBAMBA
030404,03,APURIMAC,0304,AYMARAES,CHAPIMARCA
030405,03,APURIMAC,0304,AYMARAES,COLCABAMBA
030406,03,APURIMAC,0304,AYMARAES,COTARUSE
030407,03,APURIMAC,0304,AYMARAES,IHUAYLLO
030408,03,APURIMAC,0304,AYMARAES,JUSTO APU SAHUARAURA
030409,03,APURIMAC,0304,AYMARAES,LUCRE
030410,03,APURIMAC,0304,AYMARAES,POCOHUANCA
030411,03,APURIMAC,0304,AYMARAES,SAN JUAN DE CHACÑA
030412,03,APURIMAC,0304,AYMARAES,SAÑAYCA
030413,03,APURIMAC,0304,AYMARAES,SORAYA
030414,03,APURIMAC,0304,AYMARAES,TAPAIRIHUA
030415,03,APURIMAC,0304,AYMARAES,TINTAY
030416,03,APURIMAC,0304,AYMARAES,TORAYA
030417,03,APURIMAC,0304,AYMARAES,YANACA
030501,03,APURIMAC,0305,COTABAMBAS,TAMBOBAMBA
030502,03,APURIMAC,0305,COTABAMBAS,COTABAMBAS
030503,03,APURIMAC,0305,COTABAMBAS,COYLLURQUI
030504,03,APURIMAC,0305,COTABAMBAS,HAQUIRA
030505,03,APURIMAC,0305,COTABAMBAS,MARA
030506,03,APURIMAC,0305,COTABAMBAS,CHALLHUAHUACHO
030601,03,APURIMAC,0306,CHINCHEROS,CHINCHEROS
030602,03,APURIMAC,0306,CHINCHEROS,ANCO_HUALLO
030603,03,APURIMAC,0306,CHINCHEROS,COCHARCAS
030604,03,APURIMAC,0306,CHINCHEROS,HUACCANA
030605,03,APURIMAC,0306,CHINCHEROS,OCOBAMBA
030606,03,APURIMAC,0306,CHINCHEROS,ONGOY
030607,03,APURIMAC,0306,CHINCHEROS,URANMARCA
030608,03,APURIMAC,0306,CHINCHEROS,RANRACANCHA
030609,03,APURIMAC,0306,CHINCHEROS,ROCCHACC
030610,03,APURIMAC,0306,CHINCHEROS,EL PORVENIR
030611,03,APURIMAC,0306,CHINCHEROS,LOS CHANKAS
030612,03,APURIMAC,0306,CHINCHEROS,AHUAYRO
030701,03,APURIMAC,0307,GRAU,CHUQUIBAMBILLA
030702,03,APURIMAC,0307,GRAU,CURPAHUASI
030703,03,APURIMAC,0307,GRAU,GAMARRA
030704,03,APURIMAC,0307,GRAU,HUAYLLATI
030705,03,APURIMAC,0307,GRAU,MAMARA
030706,03,APURIMAC,0307,GRAU,MICAELA BASTIDAS
030707,03,APURIMAC,0307,GRAU,PATAYPAMPA
030708,03,APURIMAC,0307,GRAU,PROGRESO
030709,03,APURIMAC,0307,GRAU,SAN ANTONIO
030710,03,APURIMAC,0307,GRAU,SANTA ROSA
030711,03,APURIMAC,0307,GRAU,TURPAY
030712,03,APURIMAC,0307,GRAU,VILCABAMBA
030713,03,APURIMAC,0307,GRAU,VIRUNDO
030714,03,APURIMAC,0307,GRAU,CURASCO
040101,04,AREQUIPA,0401,AREQUIPA,AREQUIPA
040102,04,AREQUIPA,0401,AREQUIPA,ALTO SELVA ALEGRE
040103,04,AREQUIPA,0401,AREQUIPA,CAYMA
040104,04,AREQUIPA,0401,AREQUIPA,CERRO COLORADO
040105,04,AREQUIPA,0401,AREQUIPA,CHARACATO
040106,04,AREQUIPA,0401,AREQUIPA,CHIGUATA
040107,04,AREQUIPA,0401,AREQUIPA,JACOBO HUNTER
040108,04,AREQUIPA,0401,AREQUIPA,LA JOYA
040109,04,AREQUIPA,0401,AREQUIPA,MARIANO MELGAR
040110,04,AREQUIPA,0401,AREQUIPA,MIRAFLORES
040111,04,AREQUIPA,0401,AREQUIPA,MOLLEBAYA
040112,04,AREQUIPA,0401,AREQUIPA,PAUCARPATA
040113,04,AREQUIPA,0401,AREQUIPA,POCSI
040114,04,AREQUIPA,0401,AREQUIPA,POLOBAYA
040115,04,AREQUIPA,0401,AREQUIPA,QUEQUEÑA
040116,04,AREQUIPA,0401,AREQUIPA,SABANDIA
040117,04,AREQUIPA,0401,AREQUIPA,SACHACA
040118,04,AREQUIPA,0401,AREQUIPA,SAN JUAN DE SIGUAS
040119,04,AREQUIPA,0401,AREQUIPA,SAN JUAN DE TARUCANI
040120,04,AREQUIPA,0401,AREQUIPA,SANTA ISABEL DE SIGUAS
040121,04,AREQUIPA,0401,AREQUIPA,SANTA RITA DE SIGUAS
040122,04,AREQUIPA,0401,AREQUIPA,SOCABAYA
040123,04,AREQUIPA,0401,AREQUIPA,TIABAYA
040124,04,AREQUIPA,0401,AREQUIPA,UCHUMAYO
040125,04,AREQUIPA,0401,AREQUIPA,VITOR
040126,04,AREQUIPA,0401,AREQUIPA,YANAHUARA
040127,04,AREQUIPA,0401,AREQUIPA,YARABAMBA
040128,04,AREQUIPA,0401,AREQUIPA,YURA
040129,04,AREQUIPA,0401,AREQUIPA,JOSE LUIS BUSTAMANTE Y RIVERO
040201,04,AREQUIPA,0402,CAMANA,CAMANA
040202,04,AREQUIPA,0402,CAMANA,JOSE MARIA QUIMPER
040203,04,AREQUIPA,0402,CAMANA,MARIANO NICOLAS VALCARCEL
040204,04,AREQUIPA,0402,CAMANA,MARISCAL CACERES
040205,04,AREQUIPA,0402,CAMANA,NICOLAS DE PIEROLA
040206,04,AREQUIPA,0402,CAMANA,OCOÑA
040207,04,AREQUIPA,0402,CAMANA,QUILCA
040208,04,AREQUIPA,0402,CAMANA,SAMUEL PASTOR
040301,04,AREQUIPA,0403,CARAVELI,CARAVELI
040302,04,AREQUIPA,0403,CARAVELI,ACARI
040303,04,AREQUIPA,0403,CARAVELI,ATICO
040304,04,AREQUIPA,0403,CARAVELI,ATIQUIPA
040305,04,AREQUIPA,0403,CARAVELI,BELLA UNION
040306,04,AREQUIPA,0403,CARAVELI,CAHUACHO
040307,04,AREQUIPA,0403,CARAVELI,CHALA
040308,04,AREQUIPA,0403,CARAVELI,CHAPARRA
040309,04,AREQUIPA,0403,CARAVELI,HUANUHUANU
040310,04,AREQUIPA,0403,CARAVELI,JAQUI
040311,04,AREQUIPA,0403,CARAVELI,LOMAS
040312,04,AREQUIPA,0403,CARAVELI,QUICACHA
040313,04,AREQUIPA,0403,CARAVELI,YAUCA
040401,04,AREQUIPA,0404,CASTILLA,APLAO
040402,04,AREQUIPA,0404,CASTILLA,ANDAGUA
040403,04,AREQUIPA,0404,CASTILLA,AYO
040404,04,AREQUIPA,0404,CASTILLA,CHACHAS
040405,04,AREQUIPA,0404,CASTILLA,CHILCAYMARCA
040406,04,AREQUIPA,0404,CASTILLA,CHOCO
040407,04,AREQUIPA,0404,CASTILLA,HUANCARQUI
040408,04,AREQUIPA,0404,CASTILLA,MACHAGUAY
040409,04,AREQUIPA,0404,CASTILLA,ORCOPAMPA
040410,04,AREQUIPA,0404,CASTILLA,PAMPACOLCA
040411,04,AREQUIPA,0404,CASTILLA,TIPAN
040412,04,AREQUIPA,0404,CASTILLA,UÑON
040413,04,AREQUIPA,0404,CASTILLA,URACA
040414,04,AREQUIPA,0404,CASTILLA,VIRACO
040501,04,AREQUIPA,0405,CAYLLOMA,CHIVAY
040502,04,AREQUIPA,0405,CAYLLOMA,ACHOMA
040503,04,AREQUIPA,0405,CAYLLOMA,CABANACONDE
040504,04,AREQUIPA,0405,CAYLLOMA,CALLALLI
040505,04,AREQUIPA,0405,CAYLLOMA,CAYLLOMA
040506,04,AREQUIPA,0405,CAYLLOMA,COPORAQUE
040507,04,AREQUIPA,0405,CAYLLOMA,HUAMBO
040508,04,AREQUIPA,0405,CAYLLOMA,HUANCA
040509,04,AREQUIPA,0405,CAYLLOMA,ICHUPAMPA
040510,04,AREQUIPA,0405,CAYLLOMA,LARI
040511,04,AREQUIPA,0405,CAYLLOMA,LLUTA
040512,04,AREQUIPA,0405,CAYLLOMA,MACA
040513,04,AREQUIPA,0405,CAYLLOMA,MADRIGAL
040514,04,AREQUIPA,0405,CAYLLOMA,SAN ANTONIO DE CHUCA
040515,04,AREQUIPA,0405,CAYLLOMA,SIBAYO
040516,04,AREQUIPA,0405,CAYLLOMA,TAPAY
040517,04,AREQUIPA,0405,CAYLLOMA,TISCO
040518,04,AREQUIPA,0405,CAYLLOMA,TUTI
040519,04,AREQUIPA,0405,CAYLLOMA,YANQUE
040520,04,AREQUIPA,0405,CAYLLOMA,MAJES
040601,04,AREQUIPA,0406,CONDESUYOS,CHUQUIBAMBA
040602,04,AREQUIPA,0406,CONDESUYOS,ANDARAY
040603,04,AREQUIPA,0406,CONDESUYOS,CAYARANI
040604,04,AREQUIPA,0406,CONDESUYOS,CHICHAS
040605,04,AREQUIPA,0406,CONDESUYOS,IRAY
040606,04,AREQUIPA,0406,CONDESUYOS,RIO GRANDE
040607,04,AREQUIPA,0406,CONDESUYOS,SALAMANCA
040608,04,AREQUIPA,0406,CONDESUYOS,YANAQUIHUA
040701,04,AREQUIPA,0407,ISLAY,MOLLENDO
040702,04,AREQUIPA,0407,ISLAY,COCACHACRA
040703,04,AREQUIPA,0407,ISLAY,DEAN VALDIVIA
040704,04,AREQUIPA,0407,ISLAY,ISLAY
040705,04,AREQUIPA,0407,ISLAY,MEJIA
040706,04,AREQUIPA,0407,ISLAY,PUNTA DE BOMBON
040801,04,AREQUIPA,0408,LA UNION,COTAHUASI
040802,04,AREQUIPA,0408,LA UNION,ALCA
040803,04,AREQUIPA,0408,LA UNION,CHARCANA
040804,04,AREQUIPA,0408,LA UNION,HUAYNACOTAS
040805,04,AREQUIPA,0408,LA UNION,PAMPAMARCA
040806,04,AREQUIPA,0408,LA UNION,PUYCA
040807,04,AREQUIPA,0408,LA UNION,QUECHUALLA
040808,04,AREQUIPA,0408,LA UNION,SAYLA
040809,04,AREQUIPA,0408,LA UNION,TAURIA
040810,04,AREQUIPA,0408,LA UNION,TOMEPAMPA
040811,04,AREQUIPA,0408,LA UNION,TORO
050101,05,AYACUCHO,0501,HUAMANGA,AYACUCHO
050102,05,AYACUCHO,0501,HUAMANGA,ACOCRO
050103,05,AYACUCHO,0501,HUAMANGA,ACOS VINCHOS
050104,05,AYACUCHO,0501,HUAMANGA,CARMEN ALTO
050105,05,AYACUCHO,0501,HUAMANGA,CHIARA
050106,05,AYACUCHO,0501,HUAMANGA,OCROS
050107,05,AYACUCHO,0501,HUAMANGA,PACAYCASA
050108,05,AYACUCHO,0501,HUAMANGA,QUINUA
050109,05,AYACUCHO,0501,HUAMANGA,SAN JOSE DE TICLLAS
050110,05,AYACUCHO,0501,HUAMANGA,SAN JUAN BAUTISTA
050111,05,AYACUCHO,0501,HUAMANGA,SANTIAGO DE PISCHA
050112,05,AYACUCHO,0501,HUAMANGA,SOCOS
050113,05,AYACUCHO,0501,HUAMANGA,TAMBILLO
050114,05,AYACUCHO,0501,HUAMANGA,VINCHOS
050115,05,AYACUCHO,0501,HUAMANGA,JESUS NAZARENO
050116,05,AYACUCHO,0501,HUAMANGA,ANDRES AVELINO CACERES DORREGARAY
050201,05,AYACUCHO,0502,CANGALLO,CANGALLO
050202,05,AYACUCHO,0502,CANGALLO,CHUSCHI
050203,05,AYACUCHO,0502,CANGALLO,LOS MOROCHUCOS
050204,05,AYACUCHO,0502,CANGALLO,MARIA PARADO DE BELLIDO
050205,05,AYACUCHO,0502,CANGALLO,PARAS
050206,05,AYACUCHO,0502,CANGALLO,TOTOS
050301,05,AYACUCHO,0503,HUANCA SANCOS,SANCOS
050302,05,AYACUCHO,0503,HUANCA SANCOS,CARAPO
050303,05,AYACUCHO,0503,HUANCA SANCOS,SACSAMARCA
050304,05,AYACUCHO,0503,HUANCA SANCOS,SANTIAGO DE LUCANAMARCA
050401,05,AYACUCHO,0504,HUANTA,HUANTA
050402,05,AYACUCHO,0504,HUANTA,AYAHUANCO
050403,05,AYACUCHO,0504,HUANTA,HUAMANGUILLA
050404,05,AYACUCHO,0504,HUANTA,IGUAIN
050405,05,AYACUCHO,0504,HUANTA,LURICOCHA
050406,05,AYACUCHO,0504,HUANTA,SANTILLANA
050407,05,AYACUCHO,0504,HUANTA,SIVIA
050408,05,AYACUCHO,0504,HUANTA,LLOCHEGUA
050409,05,AYACUCHO,0504,HUANTA,CANAYRE
050410,05,AYACUCHO,0504,HUANTA,UCHURACCAY
050411,05,AYACUCHO,0504,HUANTA,PUCACOLPA
050412,05,AYACUCHO,0504,HUANTA,CHACA
050413,05,AYACUCHO,0504,HUANTA,PUTIS
050501,05,AYACUCHO,0505,LA MAR,SAN MIGUEL
050502,05,AYACUCHO,0505,LA MAR,ANCO
050503,05,AYACUCHO,0505,LA MAR,AYNA
050504,05,AYACUCHO,0505,LA MAR,CHILCAS
050505,05,AYACUCHO,0505,LA MAR,CHUNGUI
050506,05,AYACUCHO,0505,LA MAR,LUIS CARRANZA
050507,05,AYACUCHO,0505,LA MAR,SANTA ROSA
050508,05,AYACUCHO,0505,LA MAR,TAMBO
050509,05,AYACUCHO,0505,LA MAR,SAMUGARI
050510,05,AYACUCHO,0505,LA MAR,ANCHIHUAY
050511,05,AYACUCHO,0505,LA MAR,ORONCCOY
050512,05,AYACUCHO,0505,LA MAR,UNION PROGRESO
050513,05,AYACUCHO,0505,LA MAR,RIO MAGDALENA
050514,05,AYACUCHO,0505,LA MAR,NINABAMBA
050515,05,AYACUCHO,0505,LA MAR,PATIBAMBA
050601,05,AYACUCHO,0506,LUCANAS,PUQUIO
050602,05,AYACUCHO,0506,LUCANAS,AUCARA
050603,05,AYACUCHO,0506,LUCANAS,CABANA
050604,05,AYACUCHO,0506,LUCANAS,CARMEN SALCEDO
050605,05,AYACUCHO,0506,LUCANAS,CHAVIÑA
050606,05,AYACUCHO,0506,LUCANAS,CHIPAO
050607,05,AYACUCHO,0506,LUCANAS,HUAC-HUAS
050608,05,AYACUCHO,0506,LUCANAS,LARAMATE
050609,05,AYACUCHO,0506,LUCANAS,LEONCIO PRADO
050610,05,AYACUCHO,0506,LUCANAS,LLAUTA
050611,05,AYACUCHO,0506,LUCANAS,LUCANAS
050612,05,AYACUCHO,0506,LUCANAS,OCAÑA
050613,05,AYACUCHO,0506,LUCANAS,OTOCA
050614,05,AYACUCHO,0506,LUCANAS,SAISA
050615,05,AYACUCHO,0506,LUCANAS,SAN CRISTOBAL
050616,05,AYACUCHO,0506,LUCANAS,SAN JUAN
050617,05,AYACUCHO,0506,LUCANAS,SAN PEDRO
050618,05,AYACUCHO,0506,LUCANAS,SAN PEDRO DE PALCO
050619,05,AYACUCHO,0506,LUCANAS,SANCOS
050620,05,AYACUCHO,0506,LUCANAS,SANTA ANA DE HUAYCAHUACHO
050621,05,AYACUCHO,0506,LUCANAS,SANTA LUCIA
050701,05,AYACUCHO,0507,PARINACOCHAS,CORACORA
050702,05,AYACUCHO,0507,PARINACOCHAS,CHUMPI
050703,05,AYACUCHO,0507,PARINACOCHAS,CORONEL CASTAÑEDA
050704,05,AYACUCHO,0507,PARINACOCHAS,PACAPAUSA
050705,05,AYACUCHO,0507,PARINACOCHAS,PULLO
050706,05,AYACUCHO,0507,PARINACOCHAS,PUYUSCA
050707,05,AYACUCHO,0507,PARINACOCHAS,SAN FRANCISCO DE RIVACAYCO
050708,05,AYACUCHO,0507,PARINACOCHAS,UPAHUACHO
050801,05,AYACUCHO,0508,PAUCAR DEL SARA SARA,PAUSA
050802,05,AYACUCHO,0508,PAUCAR DEL SARA SARA,COLTA
050803,05,AYACUCHO,0508,PAUCAR DEL SARA SARA,CORCULLA
050804,05,AYACUCHO,0508,PAUCAR DEL SARA SARA,LAMPA
050805,05,AYACUCHO,0508,PAUCAR DEL SARA SARA,MARCABAMBA
050806,05,AYACUCHO,0508,PAUCAR DEL SARA SARA,OYOLO
050807,05,AYACUCHO,0508,PAUCAR DEL SARA SARA,PARARCA
050808,05,AYACUCHO,0508,PAUCAR DEL SARA SARA,SAN JAVIER DE ALPABAMBA
050809,05,AYACUCHO,0508,PAUCAR DEL SARA SARA,SAN JOSE DE USHUA
050810,05,AYACUCHO,0508,PAUCAR DEL SARA SARA,SARA SARA
050901,05,AYACUCHO,0509,SUCRE,QUEROBAMBA
050902,05,AYACUCHO,0509,SUCRE,BELEN
050903,05,AYACUCHO,0509,SUCRE,CHALCOS
050904,05,AYACUCHO,0509,SUCRE,CHILCAYOC
050905,05,AYACUCHO,0509,SUCRE,HUACAÑA
050906,05,AYACUCHO,0509,SUCRE,MORCOLLA
050907,05,AYACUCHO,0509,SUCRE,PAICO
050908,05,AYACUCHO,0509,SUCRE,SAN PEDRO DE LARCAY
050909,05,AYACUCHO,0509,SUCRE,SAN SALVADOR DE QUIJE
050910,05,AYACUCHO,0509,SUCRE,SANTIAGO DE PAUCARAY
050911,05,AYACUCHO,0509,SUCRE,SORAS
051001,05,AYACUCHO,0510,VICTOR FAJARDO,HUANCAPI
051002,05,AYACUCHO,0510,VICTOR FAJARDO,ALCAMENCA
051003,05,AYACUCHO,0510,VICTOR FAJARDO,APONGO
051004,05,AYACUCHO,0510,VICTOR FAJARDO,ASQUIPATA
051005,05,AYACUCHO,0510,VICTOR FAJARDO,CANARIA
051006,05,AYACUCHO,0510,VICTOR FAJARDO,CAYARA
051007,05,AYACUCHO,0510,VICTOR FAJARDO,COLCA
051008,05,AYACUCHO,0510,VICTOR FAJARDO,HUAMANQUIQUIA
051009,05,AYACUCHO,0510,VICTOR FAJARDO,HUANCARAYLLA
051010,05,AYACUCHO,0510,VICTOR FAJARDO,HUALLA
051011,05,AYACUCHO,0510,VICTOR FAJARDO,SARHUA
051012,05,AYACUCHO,0510,VICTOR FAJARDO,VILCANCHOS
051101,05,AYACUCHO,0511,VILCAS HUAMAN,VILCAS HUAMAN
051102,05,AYACUCHO,0511,VILCAS HUAMAN,ACCOMARCA
051103,05,AYACUCHO,0511,VILCAS HUAMAN,CARHUANCA
051104,05,AYACUCHO,0511,VILCAS HUAMAN,CONCEPCION
051105,05,AYACUCHO,0511,VILCAS HUAMAN,HUAMBALPA
051106,05,AYACUCHO,0511,VILCAS HUAMAN,INDEPENDENCIA
051107,05,AYACUCHO,0511,VILCAS HUAMAN,SAURAMA
051108,05,AYACUCHO,0511,VILCAS HUAMAN,VISCHONGO
060101,06,CAJAMARCA,0601,CAJAMARCA,CAJAMARCA
060102,06,CAJAMARCA,0601,CAJAMARCA,ASUNCION
060103,06,CAJAMARCA,0601,CAJAMARCA,CHETILLA
060104,06,CAJAMARCA,0601,CAJAMARCA,COSPAN
060105,06,CAJAMARCA,0601,CAJAMARCA,ENCAÑADA
060106,06,CAJAMARCA,0601,CAJAMARCA,JESUS
060107,06,CAJAMARCA,0601,CAJAMARCA,LLACANORA
060108,06,CAJAMARCA,0601,CAJAMARCA,LOS BAÑOS DEL INCA
060109,06,CAJAMARCA,0601,CAJAMARCA,MAGDALENA
060110,06,CAJAMARCA,0601,CAJAMARCA,MATARA
060111,06,CAJAMARCA,0601,CAJAMARCA,NAMORA
060112,06,CAJAMARCA,0601,CAJAMARCA,SAN JUAN
060201,06,CAJAMARCA,0602,CAJABAMBA,CAJABAMBA
060202,06,CAJAMARCA,0602,CAJABAMBA,CACHACHI
060203,06,CAJAMARCA,0602,CAJABAMBA,CONDEBAMBA
060204,06,CAJAMARCA,0602,CAJABAMBA,SITACOCHA
060301,06,CAJAMARCA,0603,CELENDIN,CELENDIN
060302,06,CAJAMARCA,0603,CELENDIN,CHUMUCH
060303,06,CAJAMARCA,0603,CELENDIN,CORTEGANA
060304,06,CAJAMARCA,0603,CELENDIN,HUASMIN
060305,06,CAJAMARCA,0603,CELENDIN,JORGE CHAVEZ
060306,06,CAJAMARCA,0603,CELENDIN,JOSE GALVEZ
060307,06,CAJAMARCA,0603,CELENDIN,MIGUEL IGLESIAS
060308,06,CAJAMARCA,0603,CELENDIN,OXAMARCA
060309,06,CAJAMARCA,0603,CELENDIN,SOROCHUCO
060310,06,CAJAMARCA,0603,CELENDIN,SUCRE
060311,06,CAJAMARCA,0603,CELENDIN,UTCO
060312,06,CAJAMARCA,0603,CELENDIN,LA LIBERTAD DE PALLAN
060401,06,CAJAMARCA,0604,CHOTA,CHOTA
060402,06,CAJAMARCA,0604,CHOTA,ANGUIA
060403,06,CAJAMARCA,0604,CHOTA,CHADIN
060404,06,CAJAMARCA,0604,CHOTA,CHIGUIRIP
060405,06,CAJAMARCA,0604,CHOTA,CHIMBAN
060406,06,CAJAMARCA,0604,CHOTA,CHOROPAMPA
060407,06,CAJAMARCA,0604,CHOTA,COCHABAMBA
060408,06,CAJAMARCA,0604,CHOTA,CONCHAN
060409,06,CAJAMARCA,0604,CHOTA,HUAMBOS
060410,06,CAJAMARCA,0604,CHOTA,LAJAS
060411,06,CAJAMARCA,0604,CHOTA,LLAMA
060412,06,CAJAMARCA,0604,CHOTA,MIRACOSTA
060413,06,CAJAMARCA,0604,CHOTA,PACCHA
060414,06,CAJAMARCA,0604,CHOTA,PION
060415,06,CAJAMARCA,0604,CHOTA,QUEROCOTO
060416,06,CAJAMARCA,0604,CHOTA,SAN JUAN DE LICUPIS
060417,06,CAJAMARCA,0604,CHOTA,TACABAMBA
060418,06,CAJAMARCA,0604,CHOTA,TOCMOCHE
060419,06,CAJAMARCA,0604,CHOTA,CHALAMARCA
060501,06,CAJAMARCA,0605,CONTUMAZA,CONTUMAZA
060502,06,CAJAMARCA,0605,CONTUMAZA,CHILETE
060503,06,CAJAMARCA,0605,CONTUMAZA,CUPISNIQUE
060504,06,CAJAMARCA,0605,CONTUMAZA,GUZMANGO
060505,06,CAJAMARCA,0605,CONTUMAZA,SAN BENITO
060506,06,CAJAMARCA,0605,CONTUMAZA,SANTA CRUZ DE TOLED
060507,06,CAJAMARCA,0605,CONTUMAZA,TANTARICA
060508,06,CAJAMARCA,0605,CONTUMAZA,YONAN
060601,06,CAJAMARCA,0606,CUTERVO,CUTERVO
060602,06,CAJAMARCA,0606,CUTERVO,CALLAYUC
060603,06,CAJAMARCA,0606,CUTERVO,CHOROS
060604,06,CAJAMARCA,0606,CUTERVO,CUJILLO
060605,06,CAJAMARCA,0606,CUTERVO,LA RAMADA
060606,06,CAJAMARCA,0606,CUTERVO,PIMPINGOS
060607,06,CAJAMARCA,0606,CUTERVO,QUEROCOTILLO
060608,06,CAJAMARCA,0606,CUTERVO,SAN ANDRES DE CUTERVO
060609,06,CAJAMARCA,0606,CUTERVO,SAN JUAN DE CUTERVO
060610,06,CAJAMARCA,0606,CUTERVO,SAN LUIS DE LUCMA
060611,06,CAJAMARCA,0606,CUTERVO,SANTA CRUZ
060612,06,CAJAMARCA,0606,CUTERVO,SANTO DOMINGO DE LA CAPILLA
060613,06,CAJAMARCA,0606,CUTERVO,SANTO TOMAS
060614,06,CAJAMARCA,0606,CUTERVO,SOCOTA
060615,06,CAJAMARCA,0606,CUTERVO,TORIBIO CASANOVA
060701,06,CAJAMARCA,0607,HUALGAYOC,BAMBAMARCA
060702,06,CAJAMARCA,0607,HUALGAYOC,CHUGUR
060703,06,CAJAMARCA,0607,HUALGAYOC,HUALGAYOC
060801,06,CAJAMARCA,0608,JAEN,JAEN
060802,06,CAJAMARCA,0608,JAEN,BELLAVISTA
060803,06,CAJAMARCA,0608,JAEN,CHONTALI
060804,06,CAJAMARCA,0608,JAEN,COLASAY
060805,06,CAJAMARCA,0608,JAEN,HUABAL
060806,06,CAJAMARCA,0608,JAEN,LAS PIRIAS
060807,06,CAJAMARCA,0608,JAEN,POMAHUACA
060808,06,CAJAMARCA,0608,JAEN,PUCARA
060809,06,CAJAMARCA,0608,JAEN,SALLIQUE
060810,06,CAJAMARCA,0608,JAEN,SAN FELIPE
060811,06,CAJAMARCA,0608,JAEN,SAN JOSE DEL ALTO
060812,06,CAJAMARCA,0608,JAEN,SANTA ROSA
060901,06,CAJAMARCA,0609,SAN IGNACIO,SAN IGNACIO
060902,06,CAJAMARCA,0609,SAN IGNACIO,CHIRINOS
060903,06,CAJAMARCA,0609,SAN IGNACIO,HUARANGO
060904,06,CAJAMARCA,0609,SAN IGNACIO,LA COIPA
060905,06,CAJAMARCA,0609,SAN IGNACIO,NAMBALLE
060906,06,CAJAMARCA,0609,SAN IGNACIO,SAN JOSE DE LOURDES
060907,06,CAJAMARCA,0609,SAN IGNACIO,TABACONAS
061001,06,CAJAMARCA,0610,SAN MARCOS,PEDRO GALVEZ
061002,06,CAJAMARCA,0610,SAN MARCOS,CHANCAY
061003,06,CAJAMARCA,0610,SAN MARCOS,EDUARDO VILLANUEVA
061004,06,CAJAMARCA,0610,SAN MARCOS,GREGORIO PITA
061005,06,CAJAMARCA,0610,SAN MARCOS,ICHOCAN
061006,06,CAJAMARCA,0610,SAN MARCOS,JOSE MANUEL QUIROZ
061007,06,CAJAMARCA,0610,SAN MARCOS,JOSE SABOGAL
061101,06,CAJAMARCA,0611,SAN MIGUEL,SAN MIGUEL
061102,06,CAJAMARCA,0611,SAN MIGUEL,BOLIVAR
061103,06,CAJAMARCA,0611,SAN MIGUEL,CALQUIS
061104,06,CAJAMARCA,0611,SAN MIGUEL,CATILLUC
061105,06,CAJAMARCA,0611,SAN MIGUEL,EL PRADO
061106,06,CAJAMARCA,0611,SAN MIGUEL,LA FLORIDA
061107,06,CAJAMARCA,0611,SAN MIGUEL,LLAPA
061108,06,CAJAMARCA,0611,SAN MIGUEL,NANCHOC
061109,06,CAJAMARCA,0611,SAN MIGUEL,NIEPOS
061110,06,CAJAMARCA,0611,SAN MIGUEL,SAN GREGORIO
061111,06,CAJAMARCA,0611,SAN MIGUEL,SAN SILVESTRE DE COCHAN
061112,06,CAJAMARCA,0611,SAN MIGUEL,TONGOD
061113,06,CAJAMARCA,0611,SAN MIGUEL,UNION AGUA BLANCA
061201,06,CAJAMARCA,0612,SAN PABLO,SAN PABLO
061202,06,CAJAMARCA,0612,SAN PABLO,SAN BERNARDINO
061203,06,CAJAMARCA,0612,SAN PABLO,SAN LUIS
061204,06,CAJAMARCA,0612,SAN PABLO,TUMBADEN
061301,06,CAJAMARCA,0613,SANTA CRUZ,SANTA CRUZ
061302,06,CAJAMARCA,0613,SANTA CRUZ,ANDABAMBA
061303,06,CAJAMARCA,0613,SANTA CRUZ,CATACHE
061304,06,CAJAMARCA,0613,SANTA CRUZ,CHANCAYBAÑOS
061305,06,CAJAMARCA,0613,SANTA CRUZ,LA ESPERANZA
061306,06,CAJAMARCA,0613,SANTA CRUZ,NINABAMBA
061307,06,CAJAMARCA,0613,SANTA CRUZ,PULAN
061308,06,CAJAMARCA,0613,SANTA CRUZ,SAUCEPAMPA
061309,06,CAJAMARCA,0613,SANTA CRUZ,SEXI
061310,06,CAJAMARCA,0613,SANTA CRUZ,UTICYACU
061311,06,CAJAMARCA,0613,SANTA CRUZ,YAUYUCAN
070101,07,CALLAO,0701,CALLAO,CALLAO
070102,07,CALLAO,0701,CALLAO,BELLAVISTA
070103,07,CALLAO,0701,CALLAO,CARMEN DE LA LEGUA REYNOSO
070104,07,CALLAO,0701,CALLAO,LA PERLA
070105,07,CALLAO,0701,CALLAO,LA PUNTA
070106,07,CALLAO,0701,CALLAO,VENTANILLA
070107,07,CALLAO,0701,CALLAO,MI PERU
080101,08,CUSCO,0801,CUSCO,CUSCO
080102,08,CUSCO,0801,CUSCO,CCORCA
080103,08,CUSCO,0801,CUSCO,POROY
080104,08,CUSCO,0801,CUSCO,SAN JERONIMO
080105,08,CUSCO,0801,CUSCO,SAN SEBASTIAN
080106,08,CUSCO,0801,CUSCO,SANTIAGO
080107,08,CUSCO,0801,CUSCO,SAYLLA
080108,08,CUSCO,0801,CUSCO,WANCHAQ
080201,08,CUSCO,0802,ACOMAYO,ACOMAYO
080202,08,CUSCO,0802,ACOMAYO,ACOPIA
080203,08,CUSCO,0802,ACOMAYO,ACOS
080204,08,CUSCO,0802,ACOMAYO,MOSOC LLACTA
080205,08,CUSCO,0802,ACOMAYO,POMACANCHI
080206,08,CUSCO,0802,ACOMAYO,RONDOCAN
080207,08,CUSCO,0802,ACOMAYO,SANGARARA
080301,08,CUSCO,0803,ANTA,ANTA
080302,08,CUSCO,0803,ANTA,ANCAHUASI
080303,08,CUSCO,0803,ANTA,CACHIMAYO
080304,08,CUSCO,0803,ANTA,CHINCHAYPUJIO
080305,08,CUSCO,0803,ANTA,HUAROCONDO
080306,08,CUSCO,0803,ANTA,LIMATAMBO
080307,08,CUSCO,0803,ANTA,MOLLEPATA
080308,08,CUSCO,0803,ANTA,PUCYURA
080309,08,CUSCO,0803,ANTA,ZURITE
080401,08,CUSCO,0804,CALCA,CALCA
080402,08,CUSCO,0804,CALCA,COYA
080403,08,CUSCO,0804,CALCA,LAMAY
080404,08,CUSCO,0804,CALCA,LARES
080405,08,CUSCO,0804,CALCA,PISAC
080406,08,CUSCO,0804,CALCA,SAN SALVADOR
080407,08,CUSCO,0804,CALCA,TARAY
080408,08,CUSCO,0804,CALCA,YANATILE
080501,08,CUSCO,0805,CANAS,YANAOCA
080502,08,CUSCO,0805,CANAS,CHECCA
080503,08,CUSCO,0805,CANAS,KUNTURKANKI
080504,08,CUSCO,0805,CANAS,LANGUI
080505,08,CUSCO,0805,CANAS,LAYO
080506,08,CUSCO,0805,CANAS,PAMPAMARCA
080507,08,CUSCO,0805,CANAS,QUEHUE
080508,08,CUSCO,0805,CANAS,TUPAC AMARU
080601,08,CUSCO,0806,CANCHIS,SICUANI
080602,08,CUSCO,0806,CANCHIS,CHECACUPE
080603,08,CUSCO,0806,CANCHIS,COMBAPATA
080604,08,CUSCO,0806,CANCHIS,MARANGANI
080605,08,CUSCO,0806,CANCHIS,PITUMARCA
080606,08,CUSCO,0806,CANCHIS,SAN PABLO
080607,08,CUSCO,0806,CANCHIS,SAN PEDRO
080608,08,CUSCO,0806,CANCHIS,TINTA
080701,08,CUSCO,0807,CHUMBIVILCAS,SANTO TOMAS
080702,08,CUSCO,0807,CHUMBIVILCAS,CAPACMARCA
080703,08,CUSCO,0807,CHUMBIVILCAS,CHAMACA
080704,08,CUSCO,0807,CHUMBIVILCAS,COLQUEMARCA
080705,08,CUSCO,0807,CHUMBIVILCAS,LIVITACA
080706,08,CUSCO,0807,CHUMBIVILCAS,LLUSCO
080707,08,CUSCO,0807,CHUMBIVILCAS,QUIÑOTA
080708,08,CUSCO,0807,CHUMBIVILCAS,VELILLE
080801,08,CUSCO,0808,ESPINAR,ESPINAR
080802,08,CUSCO,0808,ESPINAR,CONDOROMA
080803,08,CUSCO,0808,ESPINAR,COPORAQUE
080804,08,CUSCO,0808,ESPINAR,OCORURO
080805,08,CUSCO,0808,ESPINAR,PALLPATA
080806,08,CUSCO,0808,ESPINAR,PICHIGUA
080807,08,CUSCO,0808,ESPINAR,SUYCKUTAMBO
080808,08,CUSCO,0808,ESPINAR,ALTO PICHIGUA
080901,08,CUSCO,0809,LA CONVENCION,SANTA ANA
080902,08,CUSCO,0809,LA CONVENCION,ECHARATE
080903,08,CUSCO,0809,LA CONVENCION,HUAYOPATA
080904,08,CUSCO,0809,LA CONVENCION,MARANURA
080905,08,CUSCO,0809,LA CONVENCION,OCOBAMBA
080906,08,CUSCO,0809,LA CONVENCION,QUELLOUNO
080907,08,CUSCO,0809,LA CONVENCION,KIMBIRI
080908,08,CUSCO,0809,LA CONVENCION,SANTA TERESA
080909,08,CUSCO,0809,LA CONVENCION,VILCABAMBA
080910,08,CUSCO,0809,LA CONVENCION,PICHARI
080911,08,CUSCO,0809,LA CONVENCION,INKAWASI
080912,08,CUSCO,0809,LA CONVENCION,VILLA VIRGEN
080913,08,CUSCO,0809,LA CONVENCION,VILLA KINTIARINA
080914,08,CUSCO,0809,LA CONVENCION,MEGANTONI
080915,08,CUSCO,0809,LA CONVENCION,KUMPIRUSHIATO
080916,08,CUSCO,0809,LA CONVENCION,CIELO PUNCO
080917,08,CUSCO,0809,LA CONVENCION,MANITEA
080918,08,CUSCO,0809,LA CONVENCION,UNION ASHANINKA
081001,08,CUSCO,0810,PARURO,PARURO
081002,08,CUSCO,0810,PARURO,ACCHA
081003,08,CUSCO,0810,PARURO,CCAPI
081004,08,CUSCO,0810,PARURO,COLCHA
081005,08,CUSCO,0810,PARURO,HUANOQUITE
081006,08,CUSCO,0810,PARURO,OMACHA
081007,08,CUSCO,0810,PARURO,PACCARITAMBO
081008,08,CUSCO,0810,PARURO,PILLPINTO
081009,08,CUSCO,0810,PARURO,YAURISQUE
081101,08,CUSCO,0811,PAUCARTAMBO,PAUCARTAMBO
081102,08,CUSCO,0811,PAUCARTAMBO,CAICAY
081103,08,CUSCO,0811,PAUCARTAMBO,CHALLABAMBA
081104,08,CUSCO,0811,PAUCARTAMBO,COLQUEPATA
081105,08,CUSCO,0811,PAUCARTAMBO,HUANCARANI
081106,08,CUSCO,0811,PAUCARTAMBO,KOSÑIPATA
081201,08,CUSCO,0812,QUISPICANCHI,URCOS
081202,08,CUSCO,0812,QUISPICANCHI,ANDAHUAYLILLAS
081203,08,CUSCO,0812,QUISPICANCHI,CAMANTI
081204,08,CUSCO,0812,QUISPICANCHI,CCARHUAYO
081205,08,CUSCO,0812,QUISPICANCHI,CCATCA
081206,08,CUSCO,0812,QUISPICANCHI,CUSIPATA
081207,08,CUSCO,0812,QUISPICANCHI,HUARO
081208,08,CUSCO,0812,QUISPICANCHI,LUCRE
081209,08,CUSCO,0812,QUISPICANCHI,MARCAPATA
081210,08,CUSCO,0812,QUISPICANCHI,OCONGATE
081211,08,CUSCO,0812,QUISPICANCHI,OROPESA
081212,08,CUSCO,0812,QUISPICANCHI,QUIQUIJANA
081301,08,CUSCO,0813,URUBAMBA,URUBAMBA
081302,08,CUSCO,0813,URUBAMBA,CHINCHERO
081303,08,CUSCO,0813,URUBAMBA,HUAYLLABAMBA
081304,08,CUSCO,0813,URUBAMBA,MACHUPICCHU
081305,08,CUSCO,0813,URUBAMBA,MARAS
081306,08,CUSCO,0813,URUBAMBA,OLLANTAYTAMBO
081307,08,CUSCO,0813,URUBAMBA,YUCAY
090101,09,HUANCAVELICA,0901,HUANCAVELICA,HUANCAVELICA
090102,09,HUANCAVELICA,0901,HUANCAVELICA,ACOBAMBILLA
090103,09,HUANCAVELICA,0901,HUANCAVELICA,ACORIA
090104,09,HUANCAVELICA,0901,HUANCAVELICA,CONAYCA
090105,09,HUANCAVELICA,0901,HUANCAVELICA,CUENCA
090106,09,HUANCAVELICA,0901,HUANCAVELICA,HUACHOCOLPA
090107,09,HUANCAVELICA,0901,HUANCAVELICA,HUAYLLAHUARA
090108,09,HUANCAVELICA,0901,HUANCAVELICA,IZCUCHACA
090109,09,HUANCAVELICA,0901,HUANCAVELICA,LARIA
090110,09,HUANCAVELICA,0901,HUANCAVELICA,MANTA
090111,09,HUANCAVELICA,0901,HUANCAVELICA,MARISCAL CACERES
090112,09,HUANCAVELICA,0901,HUANCAVELICA,MOYA
090113,09,HUANCAVELICA,0901,HUANCAVELICA,NUEVO OCCORO
090114,09,HUANCAVELICA,0901,HUANCAVELICA,PALCA
090115,09,HUANCAVELICA,0901,HUANCAVELICA,PILCHACA
090116,09,HUANCAVELICA,0901,HUANCAVELICA,VILCA
090117,09,HUANCAVELICA,0901,HUANCAVELICA,YAULI
090118,09,HUANCAVELICA,0901,HUANCAVELICA,ASCENSION
090119,09,HUANCAVELICA,0901,HUANCAVELICA,HUANDO
090201,09,HUANCAVELICA,0902,ACOBAMBA,ACOBAMBA
090202,09,HUANCAVELICA,0902,ACOBAMBA,ANDABAMBA
090203,09,HUANCAVELICA,0902,ACOBAMBA,ANTA
090204,09,HUANCAVELICA,0902,ACOBAMBA,CAJA
090205,09,HUANCAVELICA,0902,ACOBAMBA,MARCAS
090206,09,HUANCAVELICA,0902,ACOBAMBA,PAUCARA
090207,09,HUANCAVELICA,0902,ACOBAMBA,POMACOCHA
090208,09,HUANCAVELICA,0902,ACOBAMBA,ROSARIO
090301,09,HUANCAVELICA,0903,ANGARAES,LIRCAY
090302,09,HUANCAVELICA,0903,ANGARAES,ANCHONGA
090303,09,HUANCAVELICA,0903,ANGARAES,CALLANMARCA
090304,09,HUANCAVELICA,0903,ANGARAES,CCOCHACCASA
090305,09,HUANCAVELICA,0903,ANGARAES,CHINCHO
090306,09,HUANCAVELICA,0903,ANGARAES,CONGALLA
090307,09,HUANCAVELICA,0903,ANGARAES,HUANCA-HUANCA
090308,09,HUANCAVELICA,0903,ANGARAES,HUAYLLAY GRANDE
090309,09,HUANCAVELICA,0903,ANGARAES,JULCAMARCA
090310,09,HUANCAVELICA,0903,ANGARAES,SAN ANTONIO DE ANTAPARCO
090311,09,HUANCAVELICA,0903,ANGARAES,SANTO TOMAS DE PATA
090312,09,HUANCAVELICA,0903,ANGARAES,SECCLLA
090401,09,HUANCAVELICA,0904,CASTROVIRREYNA,CASTROVIRREYNA
090402,09,HUANCAVELICA,0904,CASTROVIRREYNA,ARMA
090403,09,HUANCAVELICA,0904,CASTROVIRREYNA,AURAHUA
090404,09,HUANCAVELICA,0904,CASTROVIRREYNA,CAPILLAS
090405,09,HUANCAVELICA,0904,CASTROVIRREYNA,CHUPAMARCA
090406,09,HUANCAVELICA,0904,CASTROVIRREYNA,COCAS
090407,09,HUANCAVELICA,0904,CASTROVIRREYNA,HUACHOS
090408,09,HUANCAVELICA,0904,CASTROVIRREYNA,HUAMATAMBO
090409,09,HUANCAVELICA,0904,CASTROVIRREYNA,MOLLEPAMPA
090410,09,HUANCAVELICA,0904,CASTROVIRREYNA,SAN JUAN
090411,09,HUANCAVELICA,0904,CASTROVIRREYNA,SANTA ANA
090412,09,HUANCAVELICA,0904,CASTROVIRREYNA,TANTARA
090413,09,HUANCAVELICA,0904,CASTROVIRREYNA,TICRAPO
090501,09,HUANCAVELICA,0905,CHURCAMPA,CHURCAMPA
090502,09,HUANCAVELICA,0905,CHURCAMPA,ANCO
090503,09,HUANCAVELICA,0905,CHURCAMPA,CHINCHIHUASI
090504,09,HUANCAVELICA,0905,CHURCAMPA,EL CARMEN
090505,09,HUANCAVELICA,0905,CHURCAMPA,LA MERCED
090506,09,HUANCAVELICA,0905,CHURCAMPA,LOCROJA
090507,09,HUANCAVELICA,0905,CHURCAMPA,PAUCARBAMBA
090508,09,HUANCAVELICA,0905,CHURCAMPA,SAN MIGUEL DE MAYOCC
090509,09,HUANCAVELICA,0905,CHURCAMPA,SAN PEDRO DE CORIS
090510,09,HUANCAVELICA,0905,CHURCAMPA,PACHAMARCA
090511,09,HUANCAVELICA,0905,CHURCAMPA,COSME
090601,09,HUANCAVELICA,0906,HUAYTARA,HUAYTARA
090602,09,HUANCAVELICA,0906,HUAYTARA,AYAVI
090603,09,HUANCAVELICA,0906,HUAYTARA,CORDOVA
090604,09,HUANCAVELICA,0906,HUAYTARA,HUAYACUNDO ARMA
090605,09,HUANCAVELICA,0906,HUAYTARA,LARAMARCA
090606,09,HUANCAVELICA,0906,HUAYTARA,OCOYO
090607,09,HUANCAVELICA,0906,HUAYTARA,PILPICHACA
090608,09,HUANCAVELICA,0906,HUAYTARA,QUERCO
090609,09,HUANCAVELICA,0906,HUAYTARA,QUITO-ARMA
090610,09,HUANCAVELICA,0906,HUAYTARA,SAN ANTONIO DE CUSICANCHA
090611,09,HUANCAVELICA,0906,HUAYTARA,SAN FRANCISCO DE SANGAYAICO
090612,09,HUANCAVELICA,0906,HUAYTARA,SAN ISIDRO
090613,09,HUANCAVELICA,0906,HUAYTARA,SANTIAGO DE CHOCORVOS
090614,09,HUANCAVELICA,0906,HUAYTARA,SANTIAGO DE QUIRAHUARA
090615,09,HUANCAVELICA,0906,HUAYTARA,SANTO DOMINGO DE CAPILLAS
090616,09,HUANCAVELICA,0906,HUAYTARA,TAMBO
090701,09,HUANCAVELICA,0907,TAYACAJA,PAMPAS
090702,09,HUANCAVELICA,0907,TAYACAJA,ACOSTAMBO
090703,09,HUANCAVELICA,0907,TAYACAJA,ACRAQUIA
090704,09,HUANCAVELICA,0907,TAYACAJA,AHUAYCHA
090705,09,HUANCAVELICA,0907,TAYACAJA,COLCABAMBA
090706,09,HUANCAVELICA,0907,TAYACAJA,DANIEL HERNANDEZ
090707,09,HUANCAVELICA,0907,TAYACAJA,HUACHOCOLPA
090709,09,HUANCAVELICA,0907,TAYACAJA,HUARIBAMBA
090710,09,HUANCAVELICA,0907,TAYACAJA,ÑAHUIMPUQUIO
090711,09,HUANCAVELICA,0907,TAYACAJA,PAZOS
090713,09,HUANCAVELICA,0907,TAYACAJA,QUISHUAR
090714,09,HUANCAVELICA,0907,TAYACAJA,SALCABAMBA
090715,09,HUANCAVELICA,0907,TAYACAJA,SALCAHUASI
090716,09,HUANCAVELICA,0907,TAYACAJA,SAN MARCOS DE ROCCHAC
090717,09,HUANCAVELICA,0907,TAYACAJA,SURCUBAMBA
090718,09,HUANCAVELICA,0907,TAYACAJA,TINTAY PUNCU
090719,09,HUANCAVELICA,0907,TAYACAJA,QUICHUAS
090720,09,HUANCAVELICA,0907,TAYACAJA,ANDAYMARCA
090721,09,HUANCAVELICA,0907,TAYACAJA,ROBLE
090722,09,HUANCAVELICA,0907,TAYACAJA,PICHOS
090723,09,HUANCAVELICA,0907,TAYACAJA,SANTIAGO DE TUCUMA
090724,09,HUANCAVELICA,0907,TAYACAJA,LAMBRAS
090725,09,HUANCAVELICA,0907,TAYACAJA,COCHABAMBA
100101,10,HUANUCO,1001,HUANUCO,HUANUCO
100102,10,HUANUCO,1001,HUANUCO,AMARILIS
100103,10,HUANUCO,1001,HUANUCO,CHINCHAO
100104,10,HUANUCO,1001,HUANUCO,CHURUBAMBA
100105,10,HUANUCO,1001,HUANUCO,MARGOS
100106,10,HUANUCO,1001,HUANUCO,QUISQUI (KICHKI)
100107,10,HUANUCO,1001,HUANUCO,SAN FRANCISCO DE CAYRAN
100108,10,HUANUCO,1001,HUANUCO,SAN PEDRO DE CHAULAN
100109,10,HUANUCO,1001,HUANUCO,SANTA MARIA DEL VALLE
100110,10,HUANUCO,1001,HUANUCO,YARUMAYO
100111,10,HUANUCO,1001,HUANUCO,PILLCO MARCA
100112,10,HUANUCO,1001,HUANUCO,YACUS
100113,10,HUANUCO,1001,HUANUCO,SAN PABLO DE PILLAO
100201,10,HUANUCO,1002,AMBO,AMBO
100202,10,HUANUCO,1002,AMBO,CAYNA
100203,10,HUANUCO,1002,AMBO,COLPAS
100204,10,HUANUCO,1002,AMBO,CONCHAMARCA
100205,10,HUANUCO,1002,AMBO,HUACAR
100206,10,HUANUCO,1002,AMBO,SAN FRANCISCO
100207,10,HUANUCO,1002,AMBO,SAN RAFAEL
100208,10,HUANUCO,1002,AMBO,TOMAY KICHWA
100301,10,HUANUCO,1003,DOS DE MAYO,LA UNION
100307,10,HUANUCO,1003,DOS DE MAYO,CHUQUIS
100311,10,HUANUCO,1003,DOS DE MAYO,MARIAS
100313,10,HUANUCO,1003,DOS DE MAYO,PACHAS
100316,10,HUANUCO,1003,DOS DE MAYO,QUIVILLA
100317,10,HUANUCO,1003,DOS DE MAYO,RIPAN
100321,10,HUANUCO,1003,DOS DE MAYO,SHUNQUI
100322,10,HUANUCO,1003,DOS DE MAYO,SILLAPATA
100323,10,HUANUCO,1003,DOS DE MAYO,YANAS
100401,10,HUANUCO,1004,HUACAYBAMBA,HUACAYBAMBA
100402,10,HUANUCO,1004,HUACAYBAMBA,CANCHABAMBA
100403,10,HUANUCO,1004,HUACAYBAMBA,COCHABAMBA
100404,10,HUANUCO,1004,HUACAYBAMBA,PINRA
100501,10,HUANUCO,1005,HUAMALIES,LLATA
100502,10,HUANUCO,1005,HUAMALIES,ARANCAY
100503,10,HUANUCO,1005,HUAMALIES,CHAVIN DE PARIARCA
100504,10,HUANUCO,1005,HUAMALIES,JACAS GRANDE
100505,10,HUANUCO,1005,HUAMALIES,JIRCAN
100506,10,HUANUCO,1005,HUAMALIES,MIRAFLORES
100507,10,HUANUCO,1005,HUAMALIES,MONZON
100508,10,HUANUCO,1005,HUAMALIES,PUNCHAO
100509,10,HUANUCO,1005,HUAMALIES,PUÑOS
100510,10,HUANUCO,1005,HUAMALIES,SINGA
100511,10,HUANUCO,1005,HUAMALIES,TANTAMAYO
100601,10,HUANUCO,1006,LEONCIO PRADO,RUPA-RUPA
100602,10,HUANUCO,1006,LEONCIO PRADO,DANIEL ALOMIA ROBLES
100603,10,HUANUCO,1006,LEONCIO PRADO,HERMILIO VALDIZAN
100604,10,HUANUCO,1006,LEONCIO PRADO,JOSE CRESPO Y CASTILLO
100605,10,HUANUCO,1006,LEONCIO PRADO,LUYANDO
100606,10,HUANUCO,1006,LEONCIO PRADO,MARIANO DAMASO BERAUN
100607,10,HUANUCO,1006,LEONCIO PRADO,PUCAYACU
100608,10,HUANUCO,1006,LEONCIO PRADO,CASTILLO GRANDE
100609,10,HUANUCO,1006,LEONCIO PRADO,PUEBLO NUEVO
100610,10,HUANUCO,1006,LEONCIO PRADO,SANTO DOMINGO DE ANDA
100701,10,HUANUCO,1007,MARAÑON,HUACRACHUCO
100702,10,HUANUCO,1007,MARAÑON,CHOLON
100703,10,HUANUCO,1007,MARAÑON,SAN BUENAVENTURA
100704,10,HUANUCO,1007,MARAÑON,LA MORADA
100705,10,HUANUCO,1007,MARAÑON,SANTA ROSA DE ALTO YANAJANCA
100801,10,HUANUCO,1008,PACHITEA,PANAO
100802,10,HUANUCO,1008,PACHITEA,CHAGLLA
100803,10,HUANUCO,1008,PACHITEA,MOLINO
100804,10,HUANUCO,1008,PACHITEA,UMARI
100901,10,HUANUCO,1009,PUERTO INCA,PUERTO INCA
100902,10,HUANUCO,1009,PUERTO INCA,CODO DEL POZUZO
100903,10,HUANUCO,1009,PUERTO INCA,HONORIA
100904,10,HUANUCO,1009,PUERTO INCA,TOURNAVISTA
100905,10,HUANUCO,1009,PUERTO INCA,YUYAPICHIS
101001,10,HUANUCO,1010,LAURICOCHA,JESUS
101002,10,HUANUCO,1010,LAURICOCHA,BAÑOS
101003,10,HUANUCO,1010,LAURICOCHA,JIVIA
101004,10,HUANUCO,1010,LAURICOCHA,QUEROPALCA
101005,10,HUANUCO,1010,LAURICOCHA,RONDOS
101006,10,HUANUCO,1010,LAURICOCHA,SAN FRANCISCO DE ASIS
101007,10,HUANUCO,1010,LAURICOCHA,SAN MIGUEL DE CAURI
101101,10,HUANUCO,1011,YAROWILCA,CHAVINILLO
101102,10,HUANUCO,1011,YAROWILCA,CAHUAC
101103,10,HUANUCO,1011,YAROWILCA,CHACABAMBA
101104,10,HUANUCO,1011,YAROWILCA,APARICIO POMARES
101105,10,HUANUCO,1011,YAROWILCA,JACAS CHICO
101106,10,HUANUCO,1011,YAROWILCA,OBAS
101107,10,HUANUCO,1011,YAROWILCA,PAMPAMARCA
101108,10,HUANUCO,1011,YAROWILCA,CHORAS
110101,11,ICA,1101,ICA,ICA
110102,11,ICA,1101,ICA,LA TINGUIÑA
110103,11,ICA,1101,ICA,LOS AQUIJES
110104,11,ICA,1101,ICA,OCUCAJE
110105,11,ICA,1101,ICA,PACHACUTEC
110106,11,ICA,1101,ICA,PARCONA
110107,11,ICA,1101,ICA,PUEBLO NUEVO
110108,11,ICA,1101,ICA,SALAS
110109,11,ICA,1101,ICA,SAN JOSE DE LOS MOLINOS
110110,11,ICA,1101,ICA,SAN JUAN BAUTISTA
110111,11,ICA,1101,ICA,SANTIAGO
110112,11,ICA,1101,ICA,SUBTANJALLA
110113,11,ICA,1101,ICA,TATE
110114,11,ICA,1101,ICA,YAUCA DEL ROSARIO
110201,11,ICA,1102,CHINCHA,CHINCHA ALTA
110202,11,ICA,1102,CHINCHA,ALTO LARAN
110203,11,ICA,1102,CHINCHA,CHAVIN
110204,11,ICA,1102,CHINCHA,CHINCHA BAJA
110205,11,ICA,1102,CHINCHA,EL CARMEN
110206,11,ICA,1102,CHINCHA,GROCIO PRADO
110207,11,ICA,1102,CHINCHA,PUEBLO NUEVO
110208,11,ICA,1102,CHINCHA,SAN JUAN DE YANAC
110209,11,ICA,1102,CHINCHA,SAN PEDRO DE HUACARPANA
110210,11,ICA,1102,CHINCHA,SUNAMPE
110211,11,ICA,1102,CHINCHA,TAMBO DE MORA
110301,11,ICA,1103,NASCA,NASCA
110302,11,ICA,1103,NASCA,CHANGUILLO
110303,11,ICA,1103,NASCA,EL INGENIO
110304,11,ICA,1103,NASCA,MARCONA
110305,11,ICA,1103,NASCA,VISTA ALEGRE
110401,11,ICA,1104,PALPA,PALPA
110402,11,ICA,1104,PALPA,LLIPATA
110403,11,ICA,1104,PALPA,RIO GRANDE
110404,11,ICA,1104,PALPA,SANTA CRUZ
110405,11,ICA,1104,PALPA,TIBILLO
110501,11,ICA,1105,PISCO,PISCO
110502,11,ICA,1105,PISCO,HUANCANO
110503,11,ICA,1105,PISCO,HUMAY
110504,11,ICA,1105,PISCO,INDEPENDENCIA
110505,11,ICA,1105,PISCO,PARACAS
110506,11,ICA,1105,PISCO,SAN ANDRES
110507,11,ICA,1105,PISCO,SAN CLEMENTE
110508,11,ICA,1105,PISCO,TUPAC AMARU INCA
120101,12,JUNIN,1201,HUANCAYO,HUANCAYO
120104,12,JUNIN,1201,HUANCAYO,CARHUACALLANGA
120105,12,JUNIN,1201,HUANCAYO,CHACAPAMPA
120106,12,JUNIN,1201,HUANCAYO,CHICCHE
120107,12,JUNIN,1201,HUANCAYO,CHILCA
120108,12,JUNIN,1201,HUANCAYO,CHONGOS ALTO
120111,12,JUNIN,1201,HUANCAYO,CHUPURO
120112,12,JUNIN,1201,HUANCAYO,COLCA
120113,12,JUNIN,1201,HUANCAYO,CULLHUAS
120114,12,JUNIN,1201,HUANCAYO,EL TAMBO
120116,12,JUNIN,1201,HUANCAYO,HUACRAPUQUIO
120117,12,JUNIN,1201,HUANCAYO,HUALHUAS
120119,12,JUNIN,1201,HUANCAYO,HUANCAN
120120,12,JUNIN,1201,HUANCAYO,HUASICANCHA
120121,12,JUNIN,1201,HUANCAYO,HUAYUCACHI
120122,12,JUNIN,1201,HUANCAYO,INGENIO
120124,12,JUNIN,1201,HUANCAYO,PARIAHUANCA
120125,12,JUNIN,1201,HUANCAYO,PILCOMAYO
120126,12,JUNIN,1201,HUANCAYO,PUCARA
120127,12,JUNIN,1201,HUANCAYO,QUICHUAY
120128,12,JUNIN,1201,HUANCAYO,QUILCAS
120129,12,JUNIN,1201,HUANCAYO,SAN AGUSTIN
120130,12,JUNIN,1201,HUANCAYO,SAN JERONIMO DE TUNAN
120132,12,JUNIN,1201,HUANCAYO,SAÑO
120133,12,JUNIN,1201,HUANCAYO,SAPALLANGA
120134,12,JUNIN,1201,HUANCAYO,SICAYA
120135,12,JUNIN,1201,HUANCAYO,SANTO DOMINGO DE ACOBAMBA
120136,12,JUNIN,1201,HUANCAYO,VIQUES
120201,12,JUNIN,1202,CONCEPCION,CONCEPCION
120202,12,JUNIN,1202,CONCEPCION,ACO
120203,12,JUNIN,1202,CONCEPCION,ANDAMARCA
120204,12,JUNIN,1202,CONCEPCION,CHAMBARA
120205,12,JUNIN,1202,CONCEPCION,COCHAS
120206,12,JUNIN,1202,CONCEPCION,COMAS
120207,12,JUNIN,1202,CONCEPCION,HEROINAS TOLEDO
120208,12,JUNIN,1202,CONCEPCION,MANZANARES
120209,12,JUNIN,1202,CONCEPCION,MARISCAL CASTILLA
120210,12,JUNIN,1202,CONCEPCION,MATAHUASI
120211,12,JUNIN,1202,CONCEPCION,MITO
120212,12,JUNIN,1202,CONCEPCION,NUEVE DE JULIO
120213,12,JUNIN,1202,CONCEPCION,ORCOTUNA
120214,12,JUNIN,1202,CONCEPCION,SAN JOSE DE QUERO
120215,12,JUNIN,1202,CONCEPCION,SANTA ROSA DE OCOPA
120301,12,JUNIN,1203,CHANCHAMAYO,CHANCHAMAYO
120302,12,JUNIN,1203,CHANCHAMAYO,PERENE
120303,12,JUNIN,1203,CHANCHAMAYO,PICHANAQUI
120304,12,JUNIN,1203,CHANCHAMAYO,SAN LUIS DE SHUARO
120305,12,JUNIN,1203,CHANCHAMAYO,SAN RAMON
120306,12,JUNIN,1203,CHANCHAMAYO,VITOC
120401,12,JUNIN,1204,JAUJA,JAUJA
120402,12,JUNIN,1204,JAUJA,ACOLLA
120403,12,JUNIN,1204,JAUJA,APATA
120404,12,JUNIN,1204,JAUJA,ATAURA
120405,12,JUNIN,1204,JAUJA,CANCHAYLLO
120406,12,JUNIN,1204,JAUJA,CURICACA
120407,12,JUNIN,1204,JAUJA,EL MANTARO
120408,12,JUNIN,1204,JAUJA,HUAMALI
120409,12,JUNIN,1204,JAUJA,HUARIPAMPA
120410,12,JUNIN,1204,JAUJA,HUERTAS
120411,12,JUNIN,1204,JAUJA,JANJAILLO
120412,12,JUNIN,1204,JAUJA,JULCAN
120413,12,JUNIN,1204,JAUJA,LEONOR ORDOÑEZ
120414,12,JUNIN,1204,JAUJA,LLOCLLAPAMPA
120415,12,JUNIN,1204,JAUJA,MARCO
120416,12,JUNIN,1204,JAUJA,MASMA
120417,12,JUNIN,1204,JAUJA,MASMA CHICCHE
120418,12,JUNIN,1204,JAUJA,MOLINOS
120419,12,JUNIN,1204,JAUJA,MONOBAMBA
120420,12,JUNIN,1204,JAUJA,MUQUI
120421,12,JUNIN,1204,JAUJA,MUQUIYAUYO
120422,12,JUNIN,1204,JAUJA,PACA
120423,12,JUNIN,1204,JAUJA,PACCHA
120424,12,JUNIN,1204,JAUJA,PANCAN
120425,12,JUNIN,1204,JAUJA,PARCO
120426,12,JUNIN,1204,JAUJA,POMACANCHA
120427,12,JUNIN,1204,JAUJA,RICRAN
120428,12,JUNIN,1204,JAUJA,SAN LORENZO
120429,12,JUNIN,1204,JAUJA,SAN PEDRO DE CHUNAN
120430,12,JUNIN,1204,JAUJA,SAUSA
120431,12,JUNIN,1204,JAUJA,SINCOS
120432,12,JUNIN,1204,JAUJA,TUNAN MARCA
120433,12,JUNIN,1204,JAUJA,YAULI
120434,12,JUNIN,1204,JAUJA,YAUYOS
120501,12,JUNIN,1205,JUNIN,JUNIN
120502,12,JUNIN,1205,JUNIN,CARHUAMAYO
120503,12,JUNIN,1205,JUNIN,ONDORES
120504,12,JUNIN,1205,JUNIN,ULCUMAYO
120601,12,JUNIN,1206,SATIPO,SATIPO
120602,12,JUNIN,1206,SATIPO,COVIRIALI
120603,12,JUNIN,1206,SATIPO,LLAYLLA
120604,12,JUNIN,1206,SATIPO,MAZAMARI
120605,12,JUNIN,1206,SATIPO,PAMPA HERMOSA
120606,12,JUNIN,1206,SATIPO,PANGOA
120607,12,JUNIN,1206,SATIPO,RIO NEGRO
120608,12,JUNIN,1206,SATIPO,RIO TAMBO
120609,12,JUNIN,1206,SATIPO,VIZCATÁN DEL ENE
120701,12,JUNIN,1207,TARMA,TARMA
120702,12,JUNIN,1207,TARMA,ACOBAMBA
120703,12,JUNIN,1207,TARMA,HUARICOLCA
120704,12,JUNIN,1207,TARMA,HUASAHUASI
120705,12,JUNIN,1207,TARMA,LA UNION
120706,12,JUNIN,1207,TARMA,PALCA
120707,12,JUNIN,1207,TARMA,PALCAMAYO
120708,12,JUNIN,1207,TARMA,SAN PEDRO DE CAJAS
120709,12,JUNIN,1207,TARMA,TAPO
120801,12,JUNIN,1208,YAULI,LA OROYA
120802,12,JUNIN,1208,YAULI,CHACAPALPA
120803,12,JUNIN,1208,YAULI,HUAY-HUAY
120804,12,JUNIN,1208,YAULI,MARCAPOMACOCHA
120805,12,JUNIN,1208,YAULI,MOROCOCHA
120806,12,JUNIN,1208,YAULI,PACCHA
120807,12,JUNIN,1208,YAULI,SANTA BARBARA DE CARHUACAYAN
120808,12,JUNIN,1208,YAULI,SANTA ROSA DE SACCO
120809,12,JUNIN,1208,YAULI,SUITUCANCHA
120810,12,JUNIN,1208,YAULI,YAULI
120901,12,JUNIN,1209,CHUPACA,CHUPACA
120902,12,JUNIN,1209,CHUPACA,AHUAC
120903,12,JUNIN,1209,CHUPACA,CHONGOS BAJO
120904,12,JUNIN,1209,CHUPACA,HUACHAC
120905,12,JUNIN,1209,CHUPACA,HUAMANCACA CHICO
120906,12,JUNIN,1209,CHUPACA,SAN JUAN DE ISCOS
120907,12,JUNIN,1209,CHUPACA,SAN JUAN DE JARPA
120908,12,JUNIN,1209,CHUPACA,TRES DE DICIEMBRE
120909,12,JUNIN,1209,CHUPACA,YANACANCHA
130101,13,LA LIBERTAD,1301,TRUJILLO,TRUJILLO
130102,13,LA LIBERTAD,1301,TRUJILLO,EL PORVENIR
130103,13,LA LIBERTAD,1301,TRUJILLO,FLORENCIA DE MORA
130104,13,LA LIBERTAD,1301,TRUJILLO,HUANCHACO
130105,13,LA LIBERTAD,1301,TRUJILLO,LA ESPERANZA
130106,13,LA LIBERTAD,1301,TRUJILLO,LAREDO
130107,13,LA LIBERTAD,1301,TRUJILLO,MOCHE
130108,13,LA LIBERTAD,1301,TRUJILLO,POROTO
130109,13,LA LIBERTAD,1301,TRUJILLO,SALAVERRY
130110,13,LA LIBERTAD,1301,TRUJILLO,SIMBAL
130111,13,LA LIBERTAD,1301,TRUJILLO,VICTOR LARCO HERRERA
130112,13,LA LIBERTAD,1301,TRUJILLO,ALTO TRUJILLO
130201,13,LA LIBERTAD,1302,ASCOPE,ASCOPE
130202,13,LA LIBERTAD,1302,ASCOPE,CHICAMA
130203,13,LA LIBERTAD,1302,ASCOPE,CHOCOPE
130204,13,LA LIBERTAD,1302,ASCOPE,MAGDALENA DE CAO
130205,13,LA LIBERTAD,1302,ASCOPE,PAIJAN
130206,13,LA LIBERTAD,1302,ASCOPE,RAZURI
130207,13,LA LIBERTAD,1302,ASCOPE,SANTIAGO DE CAO
130208,13,LA LIBERTAD,1302,ASCOPE,CASA GRANDE
130301,13,LA LIBERTAD,1303,BOLIVAR,BOLIVAR
130302,13,LA LIBERTAD,1303,BOLIVAR,BAMBAMARCA
130303,13,LA LIBERTAD,1303,BOLIVAR,CONDORMARCA
130304,13,LA LIBERTAD,1303,BOLIVAR,LONGOTEA
130305,13,LA LIBERTAD,1303,BOLIVAR,UCHUMARCA
130306,13,LA LIBERTAD,1303,BOLIVAR,UCUNCHA
130401,13,LA LIBERTAD,1304,CHEPEN,CHEPEN
130402,13,LA LIBERTAD,1304,CHEPEN,PACANGA
130403,13,LA LIBERTAD,1304,CHEPEN,PUEBLO NUEVO
130501,13,LA LIBERTAD,1305,JULCAN,JULCAN
130502,13,LA LIBERTAD,1305,JULCAN,CALAMARCA
130503,13,LA LIBERTAD,1305,JULCAN,CARABAMBA
130504,13,LA LIBERTAD,1305,JULCAN,HUASO
130601,13,LA LIBERTAD,1306,OTUZCO,OTUZCO
130602,13,LA LIBERTAD,1306,OTUZCO,AGALLPAMPA
130604,13,LA LIBERTAD,1306,OTUZCO,CHARAT
130605,13,LA LIBERTAD,1306,OTUZCO,HUARANCHAL
130606,13,LA LIBERTAD,1306,OTUZCO,LA CUESTA
130608,13,LA LIBERTAD,1306,OTUZCO,MACHE
130610,13,LA LIBERTAD,1306,OTUZCO,PARANDAY
130611,13,LA LIBERTAD,1306,OTUZCO,SALPO
130613,13,LA LIBERTAD,1306,OTUZCO,SINSICAP
130614,13,LA LIBERTAD,1306,OTUZCO,USQUIL
130701,13,LA LIBERTAD,1307,PACASMAYO,SAN PEDRO DE LLOC
130702,13,LA LIBERTAD,1307,PACASMAYO,GUADALUPE
130703,13,LA LIBERTAD,1307,PACASMAYO,JEQUETEPEQUE
130704,13,LA LIBERTAD,1307,PACASMAYO,PACASMAYO
130705,13,LA LIBERTAD,1307,PACASMAYO,SAN JOSE
130801,13,LA LIBERTAD,1308,PATAZ,TAYABAMBA
130802,13,LA LIBERTAD,1308,PATAZ,BULDIBUYO
130803,13,LA LIBERTAD,1308,PATAZ,CHILLIA
130804,13,LA LIBERTAD,1308,PATAZ,HUANCASPATA
130805,13,LA LIBERTAD,1308,PATAZ,HUAYLILLAS
130806,13,LA LIBERTAD,1308,PATAZ,HUAYO
130807,13,LA LIBERTAD,1308,PATAZ,ONGON
130808,13,LA LIBERTAD,1308,PATAZ,PARCOY
130809,13,LA LIBERTAD,1308,PATAZ,PATAZ
130810,13,LA LIBERTAD,1308,PATAZ,PIAS
130811,13,LA LIBERTAD,1308,PATAZ,SANTIAGO DE CHALLAS
130812,13,LA LIBERTAD,1308,PATAZ,TAURIJA
130813,13,LA LIBERTAD,1308,PATAZ,URPAY
130901,13,LA LIBERTAD,1309,SANCHEZ CARRION,HUAMACHUCO
130902,13,LA LIBERTAD,1309,SANCHEZ CARRION,CHUGAY
130903,13,LA LIBERTAD,1309,SANCHEZ CARRION,COCHORCO
130904,13,LA LIBERTAD,1309,SANCHEZ CARRION,CURGOS
130905,13,LA LIBERTAD,1309,SANCHEZ CARRION,MARCABAL
130906,13,LA LIBERTAD,1309,SANCHEZ CARRION,SANAGORAN
130907,13,LA LIBERTAD,1309,SANCHEZ CARRION,SARIN
130908,13,LA LIBERTAD,1309,SANCHEZ CARRION,SARTIMBAMBA
131001,13,LA LIBERTAD,1310,SANTIAGO DE CHUCO,SANTIAGO DE CHUCO
131002,13,LA LIBERTAD,1310,SANTIAGO DE CHUCO,ANGASMARCA
131003,13,LA LIBERTAD,1310,SANTIAGO DE CHUCO,CACHICADAN
131004,13,LA LIBERTAD,1310,SANTIAGO DE CHUCO,MOLLEBAMBA
131005,13,LA LIBERTAD,1310,SANTIAGO DE CHUCO,MOLLEPATA
131006,13,LA LIBERTAD,1310,SANTIAGO DE CHUCO,QUIRUVILCA
131007,13,LA LIBERTAD,1310,SANTIAGO DE CHUCO,SANTA CRUZ DE CHUCA
131008,13,LA LIBERTAD,1310,SANTIAGO DE CHUCO,SITABAMBA
131101,13,LA LIBERTAD,1311,GRAN CHIMU,CASCAS
131102,13,LA LIBERTAD,1311,GRAN CHIMU,LUCMA
131103,13,LA LIBERTAD,1311,GRAN CHIMU,MARMOT
131104,13,LA LIBERTAD,1311,GRAN CHIMU,SAYAPULLO
131201,13,LA LIBERTAD,1312,VIRU,VIRU
131202,13,LA LIBERTAD,1312,VIRU,CHAO
131203,13,LA LIBERTAD,1312,VIRU,GUADALUPITO
140101,14,LAMBAYEQUE,1401,CHICLAYO,CHICLAYO
140102,14,LAMBAYEQUE,1401,CHICLAYO,CHONGOYAPE
140103,14,LAMBAYEQUE,1401,CHICLAYO,ETEN
140104,14,LAMBAYEQUE,1401,CHICLAYO,ETEN PUERTO
140105,14,LAMBAYEQUE,1401,CHICLAYO,JOSE LEONARDO ORTIZ
140106,14,LAMBAYEQUE,1401,CHICLAYO,LA VICTORIA
140107,14,LAMBAYEQUE,1401,CHICLAYO,LAGUNAS
140108,14,LAMBAYEQUE,1401,CHICLAYO,MONSEFU
140109,14,LAMBAYEQUE,1401,CHICLAYO,NUEVA ARICA
140110,14,LAMBAYEQUE,1401,CHICLAYO,OYOTUN
140111,14,LAMBAYEQUE,1401,CHICLAYO,PICSI
140112,14,LAMBAYEQUE,1401,CHICLAYO,PIMENTEL
140113,14,LAMBAYEQUE,1401,CHICLAYO,REQUE
140114,14,LAMBAYEQUE,1401,CHICLAYO,SANTA ROSA
140115,14,LAMBAYEQUE,1401,CHICLAYO,SAÑA
140116,14,LAMBAYEQUE,1401,CHICLAYO,CAYALTI
140117,14,LAMBAYEQUE,1401,CHICLAYO,PATAPO
140118,14,LAMBAYEQUE,1401,CHICLAYO,POMALCA
140119,14,LAMBAYEQUE,1401,CHICLAYO,PUCALA
140120,14,LAMBAYEQUE,1401,CHICLAYO,TUMAN
140201,14,LAMBAYEQUE,1402,FERREÑAFE,FERREÑAFE
140202,14,LAMBAYEQUE,1402,FERREÑAFE,CAÑARIS
140203,14,LAMBAYEQUE,1402,FERREÑAFE,INCAHUASI
140204,14,LAMBAYEQUE,1402,FERREÑAFE,MANUEL ANTONIO MESONES MURO
140205,14,LAMBAYEQUE,1402,FERREÑAFE,PITIPO
140206,14,LAMBAYEQUE,1402,FERREÑAFE,PUEBLO NUEVO
140301,14,LAMBAYEQUE,1403,LAMBAYEQUE,LAMBAYEQUE
140302,14,LAMBAYEQUE,1403,LAMBAYEQUE,CHOCHOPE
140303,14,LAMBAYEQUE,1403,LAMBAYEQUE,ILLIMO
140304,14,LAMBAYEQUE,1403,LAMBAYEQUE,JAYANCA
140305,14,LAMBAYEQUE,1403,LAMBAYEQUE,MOCHUMI
140306,14,LAMBAYEQUE,1403,LAMBAYEQUE,MORROPE
140307,14,LAMBAYEQUE,1403,LAMBAYEQUE,MOTUPE
140308,14,LAMBAYEQUE,1403,LAMBAYEQUE,OLMOS
140309,14,LAMBAYEQUE,1403,LAMBAYEQUE,PACORA
140310,14,LAMBAYEQUE,1403,LAMBAYEQUE,SALAS
140311,14,LAMBAYEQUE,1403,LAMBAYEQUE,SAN JOSE
140312,14,LAMBAYEQUE,1403,LAMBAYEQUE,TUCUME
150101,15,LIMA,1501,LIMA,LIMA
150102,15,LIMA,1501,LIMA,ANCON
150103,15,LIMA,1501,LIMA,ATE
150104,15,LIMA,1501,LIMA,BARRANCO
150105,15,LIMA,1501,LIMA,BREÑA
150106,15,LIMA,1501,LIMA,CARABAYLLO
150107,15,LIMA,1501,LIMA,CHACLACAYO
150108,15,LIMA,1501,LIMA,CHORRILLOS
150109,15,LIMA,1501,LIMA,CIENEGUILLA
150110,15,LIMA,1501,LIMA,COMAS
150111,15,LIMA,1501,LIMA,EL AGUSTINO
150112,15,LIMA,1501,LIMA,INDEPENDENCIA
150113,15,LIMA,1501,LIMA,JESUS MARIA
150114,15,LIMA,1501,LIMA,LA MOLINA
150115,15,LIMA,1501,LIMA,LA VICTORIA
150116,15,LIMA,1501,LIMA,LINCE
150117,15,LIMA,1501,LIMA,LOS OLIVOS
150118,15,LIMA,1501,LIMA,LURIGANCHO
150119,15,LIMA,1501,LIMA,LURIN
150120,15,LIMA,1501,LIMA,MAGDALENA DEL MAR
150121,15,LIMA,1501,LIMA,PUEBLO LIBRE
150122,15,LIMA,1501,LIMA,MIRAFLORES
150123,15,LIMA,1501,LIMA,PACHACAMAC
150124,15,LIMA,1501,LIMA,PUCUSANA
150125,15,LIMA,1501,LIMA,PUENTE PIEDRA
150126,15,LIMA,1501,LIMA,PUNTA HERMOSA
150127,15,LIMA,1501,LIMA,PUNTA NEGRA
150128,15,LIMA,1501,LIMA,RIMAC
150129,15,LIMA,1501,LIMA,SAN BARTOLO
150130,15,LIMA,1501,LIMA,SAN BORJA
150131,15,LIMA,1501,LIMA,SAN ISIDRO
150132,15,LIMA,1501,LIMA,SAN JUAN DE LURIGANCHO
150133,15,LIMA,1501,LIMA,SAN JUAN DE MIRAFLORES
150134,15,LIMA,1501,LIMA,SAN LUIS
150135,15,LIMA,1501,LIMA,SAN MARTIN DE PORRES
150136,15,LIMA,1501,LIMA,SAN MIGUEL
150137,15,LIMA,1501,LIMA,SANTA ANITA
150138,15,LIMA,1501,LIMA,SANTA MARIA DEL MAR
150139,15,LIMA,1501,LIMA,SANTA ROSA
150140,15,LIMA,1501,LIMA,SANTIAGO DE SURCO
150141,15,LIMA,1501,LIMA,SURQUILLO
150142,15,LIMA,1501,LIMA,VILLA EL SALVADOR
150143,15,LIMA,1501,LIMA,VILLA MARIA DEL TRIUNFO
150201,15,LIMA,1502,BARRANCA,BARRANCA
150202,15,LIMA,1502,BARRANCA,PARAMONGA
150203,15,LIMA,1502,BARRANCA,PATIVILCA
150204,15,LIMA,1502,BARRANCA,SUPE
150205,15,LIMA,1502,BARRANCA,SUPE PUERTO
150301,15,LIMA,1503,CAJATAMBO,CAJATAMBO
150302,15,LIMA,1503,CAJATAMBO,COPA
150303,15,LIMA,1503,CAJATAMBO,GORGOR
150304,15,LIMA,1503,CAJATAMBO,HUANCAPON
150305,15,LIMA,1503,CAJATAMBO,MANAS
150401,15,LIMA,1504,CANTA,CANTA
150402,15,LIMA,1504,CANTA,ARAHUAY
150403,15,LIMA,1504,CANTA,HUAMANTANGA
150404,15,LIMA,1504,CANTA,HUAROS
150405,15,LIMA,1504,CANTA,LACHAQUI
150406,15,LIMA,1504,CANTA,SAN BUENAVENTURA
150407,15,LIMA,1504,CANTA,SANTA ROSA DE QUIVES
150501,15,LIMA,1505,CAÑETE,SAN VICENTE DE CAÑETE
150502,15,LIMA,1505,CAÑETE,ASIA
150503,15,LIMA,1505,CAÑETE,CALANGO
150504,15,LIMA,1505,CAÑETE,CERRO AZUL
150505,15,LIMA,1505,CAÑETE,CHILCA
150506,15,LIMA,1505,CAÑETE,COAYLLO
150507,15,LIMA,1505,CAÑETE,IMPERIAL
150508,15,LIMA,1505,CAÑETE,LUNAHUANA
150509,15,LIMA,1505,CAÑETE,MALA
150510,15,LIMA,1505,CAÑETE,NUEVO IMPERIAL
150511,15,LIMA,1505,CAÑETE,PACARAN
150512,15,LIMA,1505,CAÑETE,QUILMANA
150513,15,LIMA,1505,CAÑETE,SAN ANTONIO
150514,15,LIMA,1505,CAÑETE,SAN LUIS
150515,15,LIMA,1505,CAÑETE,SANTA CRUZ DE FLORES
150516,15,LIMA,1505,CAÑETE,ZUÑIGA
150601,15,LIMA,1506,HUARAL,HUARAL
150602,15,LIMA,1506,HUARAL,ATAVILLOS ALTO
150603,15,LIMA,1506,HUARAL,ATAVILLOS BAJO
150604,15,LIMA,1506,HUARAL,AUCALLAMA
150605,15,LIMA,1506,HUARAL,CHANCAY
150606,15,LIMA,1506,HUARAL,IHUARI
150607,15,LIMA,1506,HUARAL,LAMPIAN
150608,15,LIMA,1506,HUARAL,PACARAOS
150609,15,LIMA,1506,HUARAL,SAN MIGUEL DE ACOS
150610,15,LIMA,1506,HUARAL,SANTA CRUZ DE ANDAMARCA
150611,15,LIMA,1506,HUARAL,SUMBILCA
150612,15,LIMA,1506,HUARAL,VEINTISIETE DE NOVIEMBRE
150701,15,LIMA,1507,HUAROCHIRI,MATUCANA
150702,15,LIMA,1507,HUAROCHIRI,ANTIOQUIA
150703,15,LIMA,1507,HUAROCHIRI,CALLAHUANCA
150704,15,LIMA,1507,HUAROCHIRI,CARAMPOMA
150705,15,LIMA,1507,HUAROCHIRI,CHICLA
150706,15,LIMA,1507,HUAROCHIRI,CUENCA
150707,15,LIMA,1507,HUAROCHIRI,HUACHUPAMPA
150708,15,LIMA,1507,HUAROCHIRI,HUANZA
150709,15,LIMA,1507,HUAROCHIRI,HUAROCHIRI
150710,15,LIMA,1507,HUAROCHIRI,LAHUAYTAMBO
150711,15,LIMA,1507,HUAROCHIRI,LANGA
150712,15,LIMA,1507,HUAROCHIRI,SAN PEDRO DE LARAOS
150713,15,LIMA,1507,HUAROCHIRI,MARIATANA
150714,15,LIMA,1507,HUAROCHIRI,RICARDO PALMA
150715,15,LIMA,1507,HUAROCHIRI,SAN ANDRES DE TUPICOCHA
150716,15,LIMA,1507,HUAROCHIRI,SAN ANTONIO
150717,15,LIMA,1507,HUAROCHIRI,SAN BARTOLOME
150718,15,LIMA,1507,HUAROCHIRI,SAN DAMIAN
150719,15,LIMA,1507,HUAROCHIRI,SAN JUAN DE IRIS
150720,15,LIMA,1507,HUAROCHIRI,SAN JUAN DE TANTARANCHE
150721,15,LIMA,1507,HUAROCHIRI,SAN LORENZO DE QUINTI
150722,15,LIMA,1507,HUAROCHIRI,SAN MATEO
150723,15,LIMA,1507,HUAROCHIRI,SAN MATEO DE OTAO
150724,15,LIMA,1507,HUAROCHIRI,SAN PEDRO DE CASTA
150725,15,LIMA,1507,HUAROCHIRI,SAN PEDRO DE HUANCAYRE
150726,15,LIMA,1507,HUAROCHIRI,SANGALLAYA
150727,15,LIMA,1507,HUAROCHIRI,SANTA CRUZ DE COCACHACRA
150728,15,LIMA,1507,HUAROCHIRI,SANTA EULALIA
150729,15,LIMA,1507,HUAROCHIRI,SANTIAGO DE ANCHUCAYA
150730,15,LIMA,1507,HUAROCHIRI,SANTIAGO DE TUNA
150731,15,LIMA,1507,HUAROCHIRI,SANTO DOMINGO DE LOS OLLEROS
150732,15,LIMA,1507,HUAROCHIRI,SURCO
150801,15,LIMA,1508,HUAURA,HUACHO
150802,15,LIMA,1508,HUAURA,AMBAR
150803,15,LIMA,1508,HUAURA,CALETA DE CARQUIN
150804,15,LIMA,1508,HUAURA,CHECRAS
150805,15,LIMA,1508,HUAURA,HUALMAY
150806,15,LIMA,1508,HUAURA,HUAURA
150807,15,LIMA,1508,HUAURA,LEONCIO PRADO
150808,15,LIMA,1508,HUAURA,PACCHO
150809,15,LIMA,1508,HUAURA,SANTA LEONOR
150810,15,LIMA,1508,HUAURA,SANTA MARIA
150811,15,LIMA,1508,HUAURA,SAYAN
150812,15,LIMA,1508,HUAURA,VEGUETA
150901,15,LIMA,1509,OYON,OYON
150902,15,LIMA,1509,OYON,ANDAJES
150903,15,LIMA,1509,OYON,CAUJUL
150904,15,LIMA,1509,OYON,COCHAMARCA
150905,15,LIMA,1509,OYON,NAVAN
150906,15,LIMA,1509,OYON,PACHANGARA
151001,15,LIMA,1510,YAUYOS,YAUYOS
151002,15,LIMA,1510,YAUYOS,ALIS
151003,15,LIMA,1510,YAUYOS,ALLAUCA
151004,15,LIMA,1510,YAUYOS,AYAVIRI
151005,15,LIMA,1510,YAUYOS,AZANGARO
151006,15,LIMA,1510,YAUYOS,CACRA
151007,15,LIMA,1510,YAUYOS,CARANIA
151008,15,LIMA,1510,YAUYOS,CATAHUASI
151009,15,LIMA,1510,YAUYOS,CHOCOS
151010,15,LIMA,1510,YAUYOS,COCHAS
151011,15,LIMA,1510,YAUYOS,COLONIA
151012,15,LIMA,1510,YAUYOS,HONGOS
151013,15,LIMA,1510,YAUYOS,HUAMPARA
151014,15,LIMA,1510,YAUYOS,HUANCAYA
151015,15,LIMA,1510,YAUYOS,HUANGASCAR
151016,15,LIMA,1510,YAUYOS,HUANTAN
151017,15,LIMA,1510,YAUYOS,HUAÑEC
151018,15,LIMA,1510,YAUYOS,LARAOS
151019,15,LIMA,1510,YAUYOS,LINCHA
151020,15,LIMA,1510,YAUYOS,MADEAN
151021,15,LIMA,1510,YAUYOS,MIRAFLORES
151022,15,LIMA,1510,YAUYOS,OMAS
151023,15,LIMA,1510,YAUYOS,PUTINZA
151024,15,LIMA,1510,YAUYOS,QUINCHES
151025,15,LIMA,1510,YAUYOS,QUINOCAY
151026,15,LIMA,1510,YAUYOS,SAN JOAQUIN
151027,15,LIMA,1510,YAUYOS,SAN PEDRO DE PILAS
151028,15,LIMA,1510,YAUYOS,TANTA
151029,15,LIMA,1510,YAUYOS,TAURIPAMPA
151030,15,LIMA,1510,YAUYOS,TOMAS
151031,15,LIMA,1510,YAUYOS,TUPE
151032,15,LIMA,1510,YAUYOS,VIÑAC
151033,15,LIMA,1510,YAUYOS,VITIS
160101,16,LORETO,1601,MAYNAS,IQUITOS
160102,16,LORETO,1601,MAYNAS,ALTO NANAY
160103,16,LORETO,1601,MAYNAS,FERNANDO LORES
160104,16,LORETO,1601,MAYNAS,INDIANA
160105,16,LORETO,1601,MAYNAS,LAS AMAZONAS
160106,16,LORETO,1601,MAYNAS,MAZAN
160107,16,LORETO,1601,MAYNAS,NAPO
160108,16,LORETO,1601,MAYNAS,PUNCHANA
160110,16,LORETO,1601,MAYNAS,TORRES CAUSANA
160112,16,LORETO,1601,MAYNAS,BELEN
160113,16,LORETO,1601,MAYNAS,SAN JUAN BAUTISTA
160201,16,LORETO,1602,ALTO AMAZONAS,YURIMAGUAS
160202,16,LORETO,1602,ALTO AMAZONAS,BALSAPUERTO
160205,16,LORETO,1602,ALTO AMAZONAS,JEBEROS
160206,16,LORETO,1602,ALTO AMAZONAS,LAGUNAS
160210,16,LORETO,1602,ALTO AMAZONAS,SANTA CRUZ
160211,16,LORETO,1602,ALTO AMAZONAS,TENIENTE CESAR LOPEZ ROJAS
160301,16,LORETO,1603,LORETO,NAUTA
160302,16,LORETO,1603,LORETO,PARINARI
160303,16,LORETO,1603,LORETO,TIGRE
160304,16,LORETO,1603,LORETO,TROMPETEROS
160305,16,LORETO,1603,LORETO,URARINAS
160401,16,LORETO,1604,MARISCAL RAMON CASTILLA,RAMON CASTILLA
160402,16,LORETO,1604,MARISCAL RAMON CASTILLA,PEBAS
160403,16,LORETO,1604,MARISCAL RAMON CASTILLA,YAVARI
160404,16,LORETO,1604,MARISCAL RAMON CASTILLA,SAN PABLO
160501,16,LORETO,1605,REQUENA,REQUENA
160502,16,LORETO,1605,REQUENA,ALTO TAPICHE
160503,16,LORETO,1605,REQUENA,CAPELO
160504,16,LORETO,1605,REQUENA,EMILIO SAN MARTIN
160505,16,LORETO,1605,REQUENA,MAQUIA
160506,16,LORETO,1605,REQUENA,PUINAHUA
160507,16,LORETO,1605,REQUENA,SAQUENA
160508,16,LORETO,1605,REQUENA,SOPLIN
160509,16,LORETO,1605,REQUENA,TAPICHE
160510,16,LORETO,1605,REQUENA,JENARO HERRERA
160511,16,LORETO,1605,REQUENA,YAQUERANA
160601,16,LORETO,1606,UCAYALI,CONTAMANA
160602,16,LORETO,1606,UCAYALI,INAHUAYA
160603,16,LORETO,1606,UCAYALI,PADRE MARQUEZ
160604,16,LORETO,1606,UCAYALI,PAMPA HERMOSA
160605,16,LORETO,1606,UCAYALI,SARAYACU
160606,16,LORETO,1606,UCAYALI,VARGAS GUERRA
160701,16,LORETO,1607,DATEM DEL MARAÑON,BARRANCA
160702,16,LORETO,1607,DATEM DEL MARAÑON,CAHUAPANAS
160703,16,LORETO,1607,DATEM DEL MARAÑON,MANSERICHE
160704,16,LORETO,1607,DATEM DEL MARAÑON,MORONA
160705,16,LORETO,1607,DATEM DEL MARAÑON,PASTAZA
160706,16,LORETO,1607,DATEM DEL MARAÑON,ANDOAS
160801,16,LORETO,1608,PUTUMAYO,PUTUMAYO
160802,16,LORETO,1608,PUTUMAYO,ROSA PANDURO
160803,16,LORETO,1608,PUTUMAYO,TENIENTE MANUEL CLAVERO
160804,16,LORETO,1608,PUTUMAYO,YAGUAS
170101,17,MADRE DE DIOS,1701,TAMBOPATA,TAMBOPATA
170102,17,MADRE DE DIOS,1701,TAMBOPATA,INAMBARI
170103,17,MADRE DE DIOS,1701,TAMBOPATA,LAS PIEDRAS
170104,17,MADRE DE DIOS,1701,TAMBOPATA,LABERINTO
170201,17,MADRE DE DIOS,1702,MANU,MANU
170202,17,MADRE DE DIOS,1702,MANU,FITZCARRALD
170203,17,MADRE DE DIOS,1702,MANU,MADRE DE DIOS
170204,17,MADRE DE DIOS,1702,MANU,HUEPETUHE
170301,17,MADRE DE DIOS,1703,TAHUAMANU,IÑAPARI
170302,17,MADRE DE DIOS,1703,TAHUAMANU,IBERIA
170303,17,MADRE DE DIOS,1703,TAHUAMANU,TAHUAMANU
180101,18,MOQUEGUA,1801,MARISCAL NIETO,MOQUEGUA
180102,18,MOQUEGUA,1801,MARISCAL NIETO,CARUMAS
180103,18,MOQUEGUA,1801,MARISCAL NIETO,CUCHUMBAYA
180104,18,MOQUEGUA,1801,MARISCAL NIETO,SAMEGUA
180105,18,MOQUEGUA,1801,MARISCAL NIETO,SAN CRISTOBAL
180106,18,MOQUEGUA,1801,MARISCAL NIETO,TORATA
180107,18,MOQUEGUA,1801,MARISCAL NIETO,SAN ANTONIO
180201,18,MOQUEGUA,1802,GENERAL SANCHEZ CERRO,OMATE
180202,18,MOQUEGUA,1802,GENERAL SANCHEZ CERRO,CHOJATA
180203,18,MOQUEGUA,1802,GENERAL SANCHEZ CERRO,COALAQUE
180204,18,MOQUEGUA,1802,GENERAL SANCHEZ CERRO,ICHUÑA
180205,18,MOQUEGUA,1802,GENERAL SANCHEZ CERRO,LA CAPILLA
180206,18,MOQUEGUA,1802,GENERAL SANCHEZ CERRO,LLOQUE
180207,18,MOQUEGUA,1802,GENERAL SANCHEZ CERRO,MATALAQUE
180208,18,MOQUEGUA,1802,GENERAL SANCHEZ CERRO,PUQUINA
180209,18,MOQUEGUA,1802,GENERAL SANCHEZ CERRO,QUINISTAQUILLAS
180210,18,MOQUEGUA,1802,GENERAL SANCHEZ CERRO,UBINAS
180211,18,MOQUEGUA,1802,GENERAL SANCHEZ CERRO,YUNGA
180301,18,MOQUEGUA,1803,ILO,ILO
180302,18,MOQUEGUA,1803,ILO,EL ALGARROBAL
180303,18,MOQUEGUA,1803,ILO,PACOCHA
190101,19,PASCO,1901,PASCO,CHAUPIMARCA
190102,19,PASCO,1901,PASCO,HUACHON
190103,19,PASCO,1901,PASCO,HUARIACA
190104,19,PASCO,1901,PASCO,HUAYLLAY
190105,19,PASCO,1901,PASCO,NINACACA
190106,19,PASCO,1901,PASCO,PALLANCHACRA
190107,19,PASCO,1901,PASCO,PAUCARTAMBO
190108,19,PASCO,1901,PASCO,SAN FRANCISCO DE ASIS DE YARUSYACAN
190109,19,PASCO,1901,PASCO,SIMON BOLIVAR
190110,19,PASCO,1901,PASCO,TICLACAYAN
190111,19,PASCO,1901,PASCO,TINYAHUARCO
190112,19,PASCO,1901,PASCO,VICCO
190113,19,PASCO,1901,PASCO,YANACANCHA
190201,19,PASCO,1902,DANIEL ALCIDES CARRION,YANAHUANCA
190202,19,PASCO,1902,DANIEL ALCIDES CARRION,CHACAYAN
190203,19,PASCO,1902,DANIEL ALCIDES CARRION,GOYLLARISQUIZGA
190204,19,PASCO,1902,DANIEL ALCIDES CARRION,PAUCAR
190205,19,PASCO,1902,DANIEL ALCIDES CARRION,SAN PEDRO DE PILLAO
190206,19,PASCO,1902,DANIEL ALCIDES CARRION,SANTA ANA DE TUSI
190207,19,PASCO,1902,DANIEL ALCIDES CARRION,TAPUC
190208,19,PASCO,1902,DANIEL ALCIDES CARRION,VILCABAMBA
190301,19,PASCO,1903,OXAPAMPA,OXAPAMPA
190302,19,PASCO,1903,OXAPAMPA,CHONTABAMBA
190303,19,PASCO,1903,OXAPAMPA,HUANCABAMBA
190304,19,PASCO,1903,OXAPAMPA,PALCAZU
190305,19,PASCO,1903,OXAPAMPA,POZUZO
190306,19,PASCO,1903,OXAPAMPA,PUERTO BERMUDEZ
190307,19,PASCO,1903,OXAPAMPA,VILLA RICA
190308,19,PASCO,1903,OXAPAMPA,CONSTITUCION
200101,20,PIURA,2001,PIURA,PIURA
200104,20,PIURA,2001,PIURA,CASTILLA
200105,20,PIURA,2001,PIURA,CATACAOS
200107,20,PIURA,2001,PIURA,CURA MORI
200108,20,PIURA,2001,PIURA,EL TALLAN
200109,20,PIURA,2001,PIURA,LA ARENA
200110,20,PIURA,2001,PIURA,LA UNION
200111,20,PIURA,2001,PIURA,LAS LOMAS
200114,20,PIURA,2001,PIURA,TAMBO GRANDE
200115,20,PIURA,2001,PIURA,VEINTISEIS DE OCTUBRE
200201,20,PIURA,2002,AYABACA,AYABACA
200202,20,PIURA,2002,AYABACA,FRIAS
200203,20,PIURA,2002,AYABACA,JILILI
200204,20,PIURA,2002,AYABACA,LAGUNAS
200205,20,PIURA,2002,AYABACA,MONTERO
200206,20,PIURA,2002,AYABACA,PACAIPAMPA
200207,20,PIURA,2002,AYABACA,PAIMAS
200208,20,PIURA,2002,AYABACA,SAPILLICA
200209,20,PIURA,2002,AYABACA,SICCHEZ
200210,20,PIURA,2002,AYABACA,SUYO
200301,20,PIURA,2003,HUANCABAMBA,HUANCABAMBA
200302,20,PIURA,2003,HUANCABAMBA,CANCHAQUE
200303,20,PIURA,2003,HUANCABAMBA,EL CARMEN DE LA FRONTERA
200304,20,PIURA,2003,HUANCABAMBA,HUARMACA
200305,20,PIURA,2003,HUANCABAMBA,LALAQUIZ
200306,20,PIURA,2003,HUANCABAMBA,SAN MIGUEL DE EL FAIQUE
200307,20,PIURA,2003,HUANCABAMBA,SONDOR
200308,20,PIURA,2003,HUANCABAMBA,SONDORILLO
200401,20,PIURA,2004,MORROPON,CHULUCANAS
200402,20,PIURA,2004,MORROPON,BUENOS AIRES
200403,20,PIURA,2004,MORROPON,CHALACO
200404,20,PIURA,2004,MORROPON,LA MATANZA
200405,20,PIURA,2004,MORROPON,MORROPON
200406,20,PIURA,2004,MORROPON,SALITRAL
200407,20,PIURA,2004,MORROPON,SAN JUAN DE BIGOTE
200408,20,PIURA,2004,MORROPON,SANTA CATALINA DE MOSSA
200409,20,PIURA,2004,MORROPON,SANTO DOMINGO
200410,20,PIURA,2004,MORROPON,YAMANGO
200501,20,PIURA,2005,PAITA,PAITA
200502,20,PIURA,2005,PAITA,AMOTAPE
200503,20,PIURA,2005,PAITA,ARENAL
200504,20,PIURA,2005,PAITA,COLAN
200505,20,PIURA,2005,PAITA,LA HUACA
200506,20,PIURA,2005,PAITA,TAMARINDO
200507,20,PIURA,2005,PAITA,VICHAYAL
200601,20,PIURA,2006,SULLANA,SULLANA
200602,20,PIURA,2006,SULLANA,BELLAVISTA
200603,20,PIURA,2006,SULLANA,IGNACIO ESCUDERO
200604,20,PIURA,2006,SULLANA,LANCONES
200605,20,PIURA,2006,SULLANA,MARCAVELICA
200606,20,PIURA,2006,SULLANA,MIGUEL CHECA
200607,20,PIURA,2006,SULLANA,QUERECOTILLO
200608,20,PIURA,2006,SULLANA,SALITRAL
200701,20,PIURA,2007,TALARA,PARIÑAS
200702,20,PIURA,2007,TALARA,EL ALTO
200703,20,PIURA,2007,TALARA,LA BREA
200704,20,PIURA,2007,TALARA,LOBITOS
200705,20,PIURA,2007,TALARA,LOS ORGANOS
200706,20,PIURA,2007,TALARA,MANCORA
200801,20,PIURA,2008,SECHURA,SECHURA
200802,20,PIURA,2008,SECHURA,BELLAVISTA DE LA UNION
200803,20,PIURA,2008,SECHURA,BERNAL
200804,20,PIURA,2008,SECHURA,CRISTO NOS VALGA
200805,20,PIURA,2008,SECHURA,VICE
200806,20,PIURA,2008,SECHURA,RINCONADA LLICUAR
210101,21,PUNO,2101,PUNO,PUNO
210102,21,PUNO,2101,PUNO,ACORA
210103,21,PUNO,2101,PUNO,AMANTANI
210104,21,PUNO,2101,PUNO,ATUNCOLLA
210105,21,PUNO,2101,PUNO,CAPACHICA
210106,21,PUNO,2101,PUNO,CHUCUITO
210107,21,PUNO,2101,PUNO,COATA
210108,21,PUNO,2101,PUNO,HUATA
210109,21,PUNO,2101,PUNO,MAÑAZO
210110,21,PUNO,2101,PUNO,PAUCARCOLLA
210111,21,PUNO,2101,PUNO,PICHACANI
210112,21,PUNO,2101,PUNO,PLATERIA
210113,21,PUNO,2101,PUNO,SAN ANTONIO
210114,21,PUNO,2101,PUNO,TIQUILLACA
210115,21,PUNO,2101,PUNO,VILQUE
210201,21,PUNO,2102,AZANGARO,AZANGARO
210202,21,PUNO,2102,AZANGARO,ACHAYA
210203,21,PUNO,2102,AZANGARO,ARAPA
210204,21,PUNO,2102,AZANGARO,ASILLO
210205,21,PUNO,2102,AZANGARO,CAMINACA
210206,21,PUNO,2102,AZANGARO,CHUPA
210207,21,PUNO,2102,AZANGARO,JOSE DOMINGO CHOQUEHUANCA
210208,21,PUNO,2102,AZANGARO,MUÑANI
210209,21,PUNO,2102,AZANGARO,POTONI
210210,21,PUNO,2102,AZANGARO,SAMAN
210211,21,PUNO,2102,AZANGARO,SAN ANTON
210212,21,PUNO,2102,AZANGARO,SAN JOSE
210213,21,PUNO,2102,AZANGARO,SAN JUAN DE SALINAS
210214,21,PUNO,2102,AZANGARO,SANTIAGO DE PUPUJA
210215,21,PUNO,2102,AZANGARO,TIRAPATA
210301,21,PUNO,2103,CARABAYA,MACUSANI
210302,21,PUNO,2103,CARABAYA,AJOYANI
210303,21,PUNO,2103,CARABAYA,AYAPATA
210304,21,PUNO,2103,CARABAYA,COASA
210305,21,PUNO,2103,CARABAYA,CORANI
210306,21,PUNO,2103,CARABAYA,CRUCERO
210307,21,PUNO,2103,CARABAYA,ITUATA
210308,21,PUNO,2103,CARABAYA,OLLACHEA
210309,21,PUNO,2103,CARABAYA,SAN GABAN
210310,21,PUNO,2103,CARABAYA,USICAYOS
210401,21,PUNO,2104,CHUCUITO,JULI
210402,21,PUNO,2104,CHUCUITO,DESAGUADERO
210403,21,PUNO,2104,CHUCUITO,HUACULLANI
210404,21,PUNO,2104,CHUCUITO,KELLUYO
210405,21,PUNO,2104,CHUCUITO,PISACOMA
210406,21,PUNO,2104,CHUCUITO,POMATA
210407,21,PUNO,2104,CHUCUITO,ZEPITA
210501,21,PUNO,2105,EL COLLAO,ILAVE
210502,21,PUNO,2105,EL COLLAO,CAPAZO
210503,21,PUNO,2105,EL COLLAO,PILCUYO
210504,21,PUNO,2105,EL COLLAO,SANTA ROSA
210505,21,PUNO,2105,EL COLLAO,CONDURIRI
210601,21,PUNO,2106,HUANCANE,HUANCANE
210602,21,PUNO,2106,HUANCANE,COJATA
210603,21,PUNO,2106,HUANCANE,HUATASANI
210604,21,PUNO,2106,HUANCANE,INCHUPALLA
210605,21,PUNO,2106,HUANCANE,PUSI
210606,21,PUNO,2106,HUANCANE,ROSASPATA
210607,21,PUNO,2106,HUANCANE,TARACO
210608,21,PUNO,2106,HUANCANE,VILQUE CHICO
210701,21,PUNO,2107,LAMPA,LAMPA
210702,21,PUNO,2107,LAMPA,CABANILLA
210703,21,PUNO,2107,LAMPA,CALAPUJA
210704,21,PUNO,2107,LAMPA,NICASIO
210705,21,PUNO,2107,LAMPA,OCUVIRI
210706,21,PUNO,2107,LAMPA,PALCA
210707,21,PUNO,2107,LAMPA,PARATIA
210708,21,PUNO,2107,LAMPA,PUCARA
210709,21,PUNO,2107,LAMPA,SANTA LUCIA
210710,21,PUNO,2107,LAMPA,VILAVILA
210801,21,PUNO,2108,MELGAR,AYAVIRI
210802,21,PUNO,2108,MELGAR,ANTAUTA
210803,21,PUNO,2108,MELGAR,CUPI
210804,21,PUNO,2108,MELGAR,LLALLI
210805,21,PUNO,2108,MELGAR,MACARI
210806,21,PUNO,2108,MELGAR,NUÑOA
210807,21,PUNO,2108,MELGAR,ORURILLO
210808,21,PUNO,2108,MELGAR,SANTA ROSA
210809,21,PUNO,2108,MELGAR,UMACHIRI
210901,21,PUNO,2109,MOHO,MOHO
210902,21,PUNO,2109,MOHO,CONIMA
210903,21,PUNO,2109,MOHO,HUAYRAPATA
210904,21,PUNO,2109,MOHO,TILALI
211001,21,PUNO,2110,SAN ANTONIO DE PUTINA,PUTINA
211002,21,PUNO,2110,SAN ANTONIO DE PUTINA,ANANEA
211003,21,PUNO,2110,SAN ANTONIO DE PUTINA,PEDRO VILCA APAZA
211004,21,PUNO,2110,SAN ANTONIO DE PUTINA,QUILCAPUNCU
211005,21,PUNO,2110,SAN ANTONIO DE PUTINA,SINA
211101,21,PUNO,2111,SAN ROMAN,JULIACA
211102,21,PUNO,2111,SAN ROMAN,CABANA
211103,21,PUNO,2111,SAN ROMAN,CABANILLAS
211104,21,PUNO,2111,SAN ROMAN,CARACOTO
211105,21,PUNO,2111,SAN ROMAN,SAN MIGUEL
211201,21,PUNO,2112,SANDIA,SANDIA
211202,21,PUNO,2112,SANDIA,CUYOCUYO
211203,21,PUNO,2112,SANDIA,LIMBANI
211204,21,PUNO,2112,SANDIA,PATAMBUCO
211205,21,PUNO,2112,SANDIA,PHARA
211206,21,PUNO,2112,SANDIA,QUIACA
211207,21,PUNO,2112,SANDIA,SAN JUAN DEL ORO
211208,21,PUNO,2112,SANDIA,YANAHUAYA
211209,21,PUNO,2112,SANDIA,ALTO INAMBARI
211210,21,PUNO,2112,SANDIA,SAN PEDRO DE PUTINA PUNCO
211301,21,PUNO,2113,YUNGUYO,YUNGUYO
211302,21,PUNO,2113,YUNGUYO,ANAPIA
211303,21,PUNO,2113,YUNGUYO,COPANI
211304,21,PUNO,2113,YUNGUYO,CUTURAPI
211305,21,PUNO,2113,YUNGUYO,OLLARAYA
211306,21,PUNO,2113,YUNGUYO,TINICACHI
211307,21,PUNO,2113,YUNGUYO,UNICACHI
220101,22,SAN MARTIN,2201,MOYOBAMBA,MOYOBAMBA
220102,22,SAN MARTIN,2201,MOYOBAMBA,CALZADA
220103,22,SAN MARTIN,2201,MOYOBAMBA,HABANA
220104,22,SAN MARTIN,2201,MOYOBAMBA,JEPELACIO
220105,22,SAN MARTIN,2201,MOYOBAMBA,SORITOR
220106,22,SAN MARTIN,2201,MOYOBAMBA,YANTALO
220201,22,SAN MARTIN,2202,BELLAVISTA,BELLAVISTA
220202,22,SAN MARTIN,2202,BELLAVISTA,ALTO BIAVO
220203,22,SAN MARTIN,2202,BELLAVISTA,BAJO BIAVO
220204,22,SAN MARTIN,2202,BELLAVISTA,HUALLAGA
220205,22,SAN MARTIN,2202,BELLAVISTA,SAN PABLO
220206,22,SAN MARTIN,2202,BELLAVISTA,SAN RAFAEL
220301,22,SAN MARTIN,2203,EL DORADO,SAN JOSE DE SISA
220302,22,SAN MARTIN,2203,EL DORADO,AGUA BLANCA
220303,22,SAN MARTIN,2203,EL DORADO,SAN MARTIN
220304,22,SAN MARTIN,2203,EL DORADO,SANTA ROSA
220305,22,SAN MARTIN,2203,EL DORADO,SHATOJA
220401,22,SAN MARTIN,2204,HUALLAGA,SAPOSOA
220402,22,SAN MARTIN,2204,HUALLAGA,ALTO SAPOSOA
220403,22,SAN MARTIN,2204,HUALLAGA,EL ESLABON
220404,22,SAN MARTIN,2204,HUALLAGA,PISCOYACU
220405,22,SAN MARTIN,2204,HUALLAGA,SACANCHE
220406,22,SAN MARTIN,2204,HUALLAGA,TINGO DE SAPOSOA
220501,22,SAN MARTIN,2205,LAMAS,LAMAS
220502,22,SAN MARTIN,2205,LAMAS,ALONSO DE ALVARADO
220503,22,SAN MARTIN,2205,LAMAS,BARRANQUITA
220504,22,SAN MARTIN,2205,LAMAS,CAYNARACHI
220505,22,SAN MARTIN,2205,LAMAS,CUÑUMBUQUI
220506,22,SAN MARTIN,2205,LAMAS,PINTO RECODO
220507,22,SAN MARTIN,2205,LAMAS,RUMISAPA
220508,22,SAN MARTIN,2205,LAMAS,SAN ROQUE DE CUMBAZA
220509,22,SAN MARTIN,2205,LAMAS,SHANAO
220510,22,SAN MARTIN,2205,LAMAS,TABALOSOS
220511,22,SAN MARTIN,2205,LAMAS,ZAPATERO
220601,22,SAN MARTIN,2206,MARISCAL CACERES,JUANJUI
220602,22,SAN MARTIN,2206,MARISCAL CACERES,CAMPANILLA
220603,22,SAN MARTIN,2206,MARISCAL CACERES,HUICUNGO
220604,22,SAN MARTIN,2206,MARISCAL CACERES,PACHIZA
220605,22,SAN MARTIN,2206,MARISCAL CACERES,PAJARILLO
220701,22,SAN MARTIN,2207,PICOTA,PICOTA
220702,22,SAN MARTIN,2207,PICOTA,BUENOS AIRES
220703,22,SAN MARTIN,2207,PICOTA,CASPISAPA
220704,22,SAN MARTIN,2207,PICOTA,PILLUANA
220705,22,SAN MARTIN,2207,PICOTA,PUCACACA
220706,22,SAN MARTIN,2207,PICOTA,SAN CRISTOBAL
220707,22,SAN MARTIN,2207,PICOTA,SAN HILARION
220708,22,SAN MARTIN,2207,PICOTA,SHAMBOYACU
220709,22,SAN MARTIN,2207,PICOTA,TINGO DE PONASA
220710,22,SAN MARTIN,2207,PICOTA,TRES UNIDOS
220801,22,SAN MARTIN,2208,RIOJA,RIOJA
220802,22,SAN MARTIN,2208,RIOJA,AWAJUN
220803,22,SAN MARTIN,2208,RIOJA,ELIAS SOPLIN VARGAS
220804,22,SAN MARTIN,2208,RIOJA,NUEVA CAJAMARCA
220805,22,SAN MARTIN,2208,RIOJA,PARDO MIGUEL
220806,22,SAN MARTIN,2208,RIOJA,POSIC
220807,22,SAN MARTIN,2208,RIOJA,SAN FERNANDO
220808,22,SAN MARTIN,2208,RIOJA,YORONGOS
220809,22,SAN MARTIN,2208,RIOJA,YURACYACU
220901,22,SAN MARTIN,2209,SAN MARTIN,TARAPOTO
220902,22,SAN MARTIN,2209,SAN MARTIN,ALBERTO LEVEAU
220903,22,SAN MARTIN,2209,SAN MARTIN,CACATACHI
220904,22,SAN MARTIN,2209,SAN MARTIN,CHAZUTA
220905,22,SAN MARTIN,2209,SAN MARTIN,CHIPURANA
220906,22,SAN MARTIN,2209,SAN MARTIN,EL PORVENIR
220907,22,SAN MARTIN,2209,SAN MARTIN,HUIMBAYOC
220908,22,SAN MARTIN,2209,SAN MARTIN,JUAN GUERRA
220909,22,SAN MARTIN,2209,SAN MARTIN,LA BANDA DE SHILCAYO
220910,22,SAN MARTIN,2209,SAN MARTIN,MORALES
220911,22,SAN MARTIN,2209,SAN MARTIN,PAPAPLAYA
220912,22,SAN MARTIN,2209,SAN MARTIN,SAN ANTONIO
220913,22,SAN MARTIN,2209,SAN MARTIN,SAUCE
220914,22,SAN MARTIN,2209,SAN MARTIN,SHAPAJA
221001,22,SAN MARTIN,2210,TOCACHE,TOCACHE
221002,22,SAN MARTIN,2210,TOCACHE,NUEVO PROGRESO
221003,22,SAN MARTIN,2210,TOCACHE,POLVORA
221004,22,SAN MARTIN,2210,TOCACHE,SHUNTE
221005,22,SAN MARTIN,2210,TOCACHE,UCHIZA
221006,22,SAN MARTIN,2210,TOCACHE,SANTA LUCIA
230101,23,TACNA,2301,TACNA,TACNA
230102,23,TACNA,2301,TACNA,ALTO DE LA ALIANZA
230103,23,TACNA,2301,TACNA,CALANA
230104,23,TACNA,2301,TACNA,CIUDAD NUEVA
230105,23,TACNA,2301,TACNA,INCLAN
230106,23,TACNA,2301,TACNA,PACHIA
230107,23,TACNA,2301,TACNA,PALCA
230108,23,TACNA,2301,TACNA,POCOLLAY
230109,23,TACNA,2301,TACNA,SAMA
230110,23,TACNA,2301,TACNA,CORONEL GREGORIO ALBARRACIN LANCHIPA
230111,23,TACNA,2301,TACNA,LA YARADA LOS PALOS
230201,23,TACNA,2302,CANDARAVE,CANDARAVE
230202,23,TACNA,2302,CANDARAVE,CAIRANI
230203,23,TACNA,2302,CANDARAVE,CAMILACA
230204,23,TACNA,2302,CANDARAVE,CURIBAYA
230205,23,TACNA,2302,CANDARAVE,HUANUARA
230206,23,TACNA,2302,CANDARAVE,QUILAHUANI
230301,23,TACNA,2303,JORGE BASADRE,LOCUMBA
230302,23,TACNA,2303,JORGE BASADRE,ILABAYA
230303,23,TACNA,2303,JORGE BASADRE,ITE
230401,23,TACNA,2304,TARATA,TARATA
230402,23,TACNA,2304,TARATA,HEROES ALBARRACIN
230403,23,TACNA,2304,TARATA,ESTIQUE
230404,23,TACNA,2304,TARATA,ESTIQUE-PAMPA
230405,23,TACNA,2304,TARATA,SITAJARA
230406,23,TACNA,2304,TARATA,SUSAPAYA
230407,23,TACNA,2304,TARATA,TARUCACHI
230408,23,TACNA,2304,TARATA,TICACO
240101,24,TUMBES,2401,TUMBES,TUMBES
240102,24,TUMBES,2401,TUMBES,CORRALES
240103,24,TUMBES,2401,TUMBES,LA CRUZ
240104,24,TUMBES,2401,TUMBES,PAMPAS DE HOSPITAL
240105,24,TUMBES,2401,TUMBES,SAN JACINTO
240106,24,TUMBES,2401,TUMBES,SAN JUAN DE LA VIRGEN
240201,24,TUMBES,2402,CONTRALMIRANTE VILLAR,ZORRITOS
240202,24,TUMBES,2402,CONTRALMIRANTE VILLAR,CASITAS
240203,24,TUMBES,2402,CONTRALMIRANTE VILLAR,CANOAS DE PUNTA SAL
240301,24,TUMBES,2403,ZARUMILLA,ZARUMILLA
240302,24,TUMBES,2403,ZARUMILLA,AGUAS VERDES
240303,24,TUMBES,2403,ZARUMILLA,MATAPALO
240304,24,TUMBES,2403,ZARUMILLA,PAPAYAL
250101,25,UCAYALI,2501,CORONEL PORTILLO,CALLERIA
250102,25,UCAYALI,2501,CORONEL PORTILLO,CAMPOVERDE
250103,25,UCAYALI,2501,CORONEL PORTILLO,IPARIA
250104,25,UCAYALI,2501,CORONEL PORTILLO,MASISEA
250105,25,UCAYALI,2501,CORONEL PORTILLO,YARINACOCHA
250106,25,UCAYALI,2501,CORONEL PORTILLO,NUEVA REQUENA
250107,25,UCAYALI,2501,CORONEL PORTILLO,MANANTAY
250201,25,UCAYALI,2502,ATALAYA,RAIMONDI
250202,25,UCAYALI,2502,ATALAYA,SEPAHUA
250203,25,UCAYALI,2502,ATALAYA,TAHUANIA
250204,25,UCAYALI,2502,ATALAYA,YURUA
250301,25,UCAYALI,2503,PADRE ABAD,PADRE ABAD
250302,25,UCAYALI,2503,PADRE ABAD,IRAZOLA
250303,25,UCAYALI,2503,PADRE ABAD,CURIMANA
250304,25,UCAYALI,2503,PADRE ABAD,NESHUYA
250305,25,UCAYALI,2503,PADRE ABAD,ALEXANDER VON HUMBOLDT
250306,25,UCAYALI,2503,PADRE ABAD,HUIPOCA
250307,25,UCAYALI,2503,PADRE ABAD,BOQUERON
250401,25,UCAYALI,2504,PURUS,PURUS
